node_id,name,id,node_type,is_hub
0,abalone,,ingredient,hub
1,acorn,,ingredient,hub
2,active_dry_yeast,,ingredient,no_hub
3,adzuki_bean,,ingredient,hub
4,agar,,ingredient,hub
5,agave,,ingredient,hub
6,albacore_tuna,,ingredient,hub
7,alfalfa,,ingredient,hub
8,all_purpose_flour,,ingredient,no_hub
9,allspice,,ingredient,hub
10,almond,,ingredient,hub
11,almond_extract,,ingredient,no_hub
12,amaranth,,ingredient,hub
13,anchovy,,ingredient,hub
14,angelica,,ingredient,hub
15,anise,,ingredient,hub
16,apple,,ingredient,hub
17,apple_brandy,,ingredient,hub
18,apple_cider_vinegar,,ingredient,hub
19,apricot,,ingredient,hub
20,arrowroot,,ingredient,hub
21,artichoke,,ingredient,hub
22,asparagus,,ingredient,hub
23,avocado,,ingredient,hub
24,bacon,,ingredient,no_hub
25,bagel,,ingredient,hub
26,baking_powder,,ingredient,no_hub
27,baking_soda,,ingredient,no_hub
28,balsamic_vinegar,,ingredient,no_hub
29,bamboo_shoot,,ingredient,hub
30,banana,,ingredient,hub
31,barbecue_sauce,,ingredient,no_hub
32,barley,,ingredient,hub
33,bartlett_pear,,ingredient,hub
34,basil,,ingredient,hub
35,basil_leaf,,ingredient,no_hub
36,basmati_rice,,ingredient,hub
37,bay_leaf,,ingredient,no_hub
38,bean,,ingredient,hub
39,beef,,ingredient,hub
40,beef_broth,,ingredient,no_hub
41,beer,,ingredient,hub
42,beetroot,,ingredient,hub
43,bell_pepper,,ingredient,no_hub
44,berry,,ingredient,hub
45,biscuit,,ingredient,hub
46,bittersweet_chocolate,,ingredient,no_hub
47,black_bean,,ingredient,no_hub
48,black_currant,,ingredient,hub
49,black_eyed_pea,,ingredient,hub
50,black_olive,,ingredient,no_hub
51,black_pepper,,ingredient,no_hub
52,black_raspberry,,ingredient,hub
53,black_tea,,ingredient,hub
54,black_walnut,,ingredient,hub
55,blackberry,,ingredient,hub
56,blackberry_brandy,,ingredient,hub
57,blue_cheese,,ingredient,hub
58,blueberry,,ingredient,hub
59,bluefish,,ingredient,hub
60,boiling_water,,ingredient,no_hub
61,boneless_skinless_chicken_breast,,ingredient,no_hub
62,boneless_skinless_chicken_breast_half,,ingredient,no_hub
63,boysenberry,,ingredient,hub
64,brandy,,ingredient,hub
65,brazil_nut,,ingredient,hub
66,bread,,ingredient,hub
67,bread_flour,,ingredient,no_hub
68,breadcrumb,,ingredient,no_hub
69,breadfruit,,ingredient,hub
70,breakfast_cereal,,ingredient,hub
71,broad_bean,,ingredient,hub
72,broccoli,,ingredient,hub
73,broccoli_floret,,ingredient,no_hub
74,brown_sugar,,ingredient,no_hub
75,brussels_sprout,,ingredient,hub
76,buffalo,,ingredient,hub
77,bulgur,,ingredient,hub
78,burrito,,ingredient,hub
79,butter,,ingredient,hub
80,buttermilk,,ingredient,hub
81,butternut_squash,,ingredient,hub
82,cabbage,,ingredient,hub
83,cake,,ingredient,hub
84,cake_flour,,ingredient,no_hub
85,camembert_cheese,,ingredient,hub
86,candy_bar,,ingredient,hub
87,canola_oil,,ingredient,hub
88,caper,,ingredient,hub
89,capsicum,,ingredient,hub
90,cardamom,,ingredient,hub
91,cardoon,,ingredient,hub
92,carom_seed,,ingredient,hub
93,carrot,,ingredient,hub
94,cashew_nut,,ingredient,hub
95,cassava,,ingredient,hub
96,cassia,,ingredient,hub
97,caster_sugar,,ingredient,no_hub
98,catfish,,ingredient,hub
99,cauliflower,,ingredient,hub
100,caviar,,ingredient,hub
101,cayenne,,ingredient,no_hub
102,cayenne_pepper,,ingredient,no_hub
103,celery,,ingredient,hub
104,celery_rib,,ingredient,no_hub
105,champagne,,ingredient,hub
106,chayote,,ingredient,hub
107,cheddar_cheese,,ingredient,hub
108,cheese,,ingredient,hub
109,cherry,,ingredient,hub
110,cherry_brandy,,ingredient,hub
111,cherry_pepper,,ingredient,hub
112,cherry_tomato,,ingredient,hub
113,chervil,,ingredient,hub
114,chestnut,,ingredient,hub
115,chicken,,ingredient,hub
116,chicken_breast,,ingredient,no_hub
117,chicken_broth,,ingredient,no_hub
118,chicken_stock,,ingredient,no_hub
119,chickpea,,ingredient,hub
120,chili,,ingredient,hub
121,chili_powder,,ingredient,no_hub
122,chinese_cabbage,,ingredient,hub
123,chinese_mustard,,ingredient,hub
124,chive,,ingredient,hub
125,chocolate,,ingredient,hub
126,chocolate_chip,,ingredient,no_hub
127,chocolate_spread,,ingredient,hub
128,cider,,ingredient,hub
129,cider_vinegar,,ingredient,no_hub
130,cilantro,,ingredient,no_hub
131,cinnamon,,ingredient,hub
132,cinnamon_stick,,ingredient,no_hub
133,citrus_fruit,,ingredient,hub
134,clam,,ingredient,hub
135,clementine,,ingredient,hub
136,clove,,ingredient,hub
137,coarse_salt,,ingredient,no_hub
138,cocoa,,ingredient,hub
139,cocoa_butter,,ingredient,hub
140,cocoa_powder,,ingredient,hub
141,coconut,,ingredient,hub
142,coconut_milk,,ingredient,no_hub
143,coffee,,ingredient,hub
144,cold_water,,ingredient,no_hub
145,comte_cheese,,ingredient,hub
146,conch,,ingredient,hub
147,condensed_milk,,ingredient,hub
148,confectioners'_sugar,,ingredient,no_hub
149,cooked_chicken,,ingredient,no_hub
150,cooked_rice,,ingredient,no_hub
151,cooking_oil,,ingredient,hub
152,cooking_spray,,ingredient,no_hub
153,coriander,,ingredient,hub
154,corn,,ingredient,hub
155,corn_chip,,ingredient,hub
156,corn_oil,,ingredient,hub
157,corn_tortilla,,ingredient,no_hub
158,cornbread,,ingredient,hub
159,cornmeal,,ingredient,no_hub
160,cornstarch,,ingredient,no_hub
161,cottage_cheese,,ingredient,hub
162,couscous,,ingredient,hub
163,crab,,ingredient,hub
164,cracked_black_pepper,,ingredient,no_hub
165,cranberry,,ingredient,hub
166,crayfish,,ingredient,hub
167,cream,,ingredient,hub
168,cream_cheese,,ingredient,hub
169,cream_of_mushroom_soup,,ingredient,no_hub
170,cream_of_tartar,,ingredient,no_hub
171,crushed_pineapple,,ingredient,no_hub
172,crushed_red_pepper_flake,,ingredient,no_hub
173,cucumber,,ingredient,hub
174,cumin,,ingredient,hub
175,cumin_seed,,ingredient,no_hub
176,currant,,ingredient,hub
177,curry_leaf,,ingredient,hub
178,curry_powder,,ingredient,no_hub
179,cuttlefish,,ingredient,hub
180,dark_brown_sugar,,ingredient,no_hub
181,date,,ingredient,hub
182,deer,,ingredient,hub
183,diced_tomato,,ingredient,no_hub
184,dijon_mustard,,ingredient,no_hub
185,dill,,ingredient,hub
186,dried_basil,,ingredient,no_hub
187,dried_cranberry,,ingredient,no_hub
188,dried_oregano,,ingredient,no_hub
189,dried_parsley,,ingredient,no_hub
190,dried_thyme,,ingredient,no_hub
191,dry_mustard,,ingredient,no_hub
192,dry_white_wine,,ingredient,no_hub
193,dulce_de_leche,,ingredient,hub
194,dumpling,,ingredient,hub
195,egg,,ingredient,hub
196,egg_white,,ingredient,no_hub
197,egg_yolk,,ingredient,no_hub
198,eggplant,,ingredient,hub
199,elderberry,,ingredient,hub
200,endive,,ingredient,hub
201,epazote,,ingredient,hub
202,evaporated_milk,,ingredient,hub
203,extra_virgin_olive_oil,,ingredient,no_hub
204,fennel,,ingredient,hub
205,feta_cheese,,ingredient,hub
206,fig,,ingredient,hub
207,filbert,,ingredient,hub
208,fish,,ingredient,hub
209,fish_sauce,,ingredient,no_hub
210,flat_leaf_parsley,,ingredient,no_hub
211,flour,,ingredient,hub
212,flour_tortilla,,ingredient,no_hub
213,fresh_basil,,ingredient,no_hub
214,fresh_basil_leaf,,ingredient,no_hub
215,fresh_chive,,ingredient,no_hub
216,fresh_cilantro,,ingredient,no_hub
217,fresh_dill,,ingredient,no_hub
218,fresh_ginger,,ingredient,no_hub
219,fresh_ground_black_pepper,,ingredient,no_hub
220,fresh_ground_pepper,,ingredient,no_hub
221,fresh_lemon_juice,,ingredient,no_hub
222,fresh_lime_juice,,ingredient,no_hub
223,fresh_mushroom,,ingredient,no_hub
224,fresh_parsley,,ingredient,no_hub
225,fresh_parsley_leaf,,ingredient,no_hub
226,fresh_rosemary,,ingredient,no_hub
227,fresh_thyme,,ingredient,no_hub
228,frozen_pea,,ingredient,no_hub
229,fruit_juice,,ingredient,hub
230,fruit_preserve,,ingredient,hub
231,fruit_salad,,ingredient,hub
232,fudge,,ingredient,hub
233,garlic,,ingredient,hub
234,garlic_clove,,ingredient,no_hub
235,garlic_powder,,ingredient,no_hub
236,garlic_salt,,ingredient,no_hub
237,gelatin,,ingredient,hub
238,ghee,,ingredient,hub
239,gin,,ingredient,hub
240,ginger,,ingredient,hub
241,ginkgo_nut,,ingredient,hub
242,goat_cheese,,ingredient,hub
243,gooseberry,,ingredient,hub
244,graham_cracker_crumb,,ingredient,no_hub
245,granny_smith_apple,,ingredient,no_hub
246,granulated_sugar,,ingredient,no_hub
247,grape,,ingredient,hub
248,grapefruit,,ingredient,hub
249,greek_yogurt,,ingredient,no_hub
250,green_bean,,ingredient,hub
251,green_bell_pepper,,ingredient,hub
252,green_chilies,,ingredient,no_hub
253,green_onion,,ingredient,no_hub
254,green_pepper,,ingredient,no_hub
255,green_tea,,ingredient,hub
256,green_zucchini,,ingredient,hub
257,ground_allspice,,ingredient,no_hub
258,ground_beef,,ingredient,no_hub
259,ground_black_pepper,,ingredient,no_hub
260,ground_cinnamon,,ingredient,no_hub
261,ground_clove,,ingredient,no_hub
262,ground_coriander,,ingredient,no_hub
263,ground_cumin,,ingredient,no_hub
264,ground_ginger,,ingredient,no_hub
265,ground_nutmeg,,ingredient,no_hub
266,grouper,,ingredient,hub
267,gruyere_cheese,,ingredient,hub
268,guava,,ingredient,hub
269,haddock,,ingredient,hub
270,half_and_half,,ingredient,no_hub
271,ham,,ingredient,hub
272,hamburger,,ingredient,hub
273,hazelnut,,ingredient,hub
274,heavy_cream,,ingredient,no_hub
275,heavy_whipping_cream,,ingredient,no_hub
276,honey,,ingredient,hub
277,hop,,ingredient,hub
278,horseradish,,ingredient,hub
279,hot_dog,,ingredient,hub
280,hot_pepper_sauce,,ingredient,no_hub
281,hot_sauce,,ingredient,no_hub
282,hot_water,,ingredient,no_hub
283,hummus,,ingredient,hub
284,ice,,ingredient,no_hub
285,ice_cream,,ingredient,hub
286,ice_cream_cone,,ingredient,hub
287,ice_cube,,ingredient,no_hub
288,icing,,ingredient,hub
289,icing_sugar,,ingredient,no_hub
290,irish_moss,,ingredient,hub
291,italian_seasoning,,ingredient,no_hub
292,jackfruit,,ingredient,hub
293,jalapeno,,ingredient,hub
294,jalapeno_pepper,,ingredient,no_hub
295,jerusalem_artichoke,,ingredient,hub
296,jicama,,ingredient,hub
297,kale,,ingredient,hub
298,kefir,,ingredient,hub
299,kelp,,ingredient,hub
300,ketchup,,ingredient,hub
301,kidney_bean,,ingredient,hub
302,kiwi,,ingredient,hub
303,kohlrabi,,ingredient,hub
304,kombu,,ingredient,hub
305,kosher_salt,,ingredient,no_hub
306,kumquat,,ingredient,hub
307,lamb,,ingredient,hub
308,lean_ground_beef,,ingredient,no_hub
309,leek,,ingredient,hub
310,lemon,,ingredient,hub
311,lemon_balm,,ingredient,hub
312,lemon_juice,,ingredient,no_hub
313,lemon_verbena,,ingredient,hub
314,lemon_zest,,ingredient,no_hub
315,lentil,,ingredient,hub
316,lettuce,,ingredient,hub
317,light_brown_sugar,,ingredient,no_hub
318,light_corn_syrup,,ingredient,no_hub
319,lima_bean,,ingredient,hub
320,lime,,ingredient,hub
321,lime_juice,,ingredient,no_hub
322,lingonberry,,ingredient,hub
323,lobster,,ingredient,hub
324,lovage,,ingredient,hub
325,low_fat_milk,,ingredient,no_hub
326,low_sodium_chicken_broth,,ingredient,no_hub
327,macadamia_nut,,ingredient,hub
328,macaroni,,ingredient,hub
329,mace,,ingredient,hub
330,madeira_wine,,ingredient,hub
331,mandarin_orange,,ingredient,hub
332,mango,,ingredient,hub
333,maple_syrup,,ingredient,no_hub
334,margarine,,ingredient,hub
335,marjoram,,ingredient,hub
336,marshmallow,,ingredient,hub
337,marzipan,,ingredient,hub
338,mayonnaise,,ingredient,no_hub
339,meat,,ingredient,hub
340,meatball,,ingredient,hub
341,meatloaf,,ingredient,hub
342,melon,,ingredient,hub
343,meringue,,ingredient,hub
344,mexican_oregano,,ingredient,hub
345,milk,,ingredient,hub
346,millet,,ingredient,hub
347,mint,,ingredient,hub
348,miso,,ingredient,hub
349,mixed_nut,,ingredient,hub
350,molasses,,ingredient,hub
351,monterey_jack_cheese,,ingredient,no_hub
352,mozzarella_cheese,,ingredient,hub
353,mulberry,,ingredient,hub
354,multigrain_bread,,ingredient,hub
355,mung_bean,,ingredient,hub
356,mushroom,,ingredient,hub
357,mustard,,ingredient,hub
358,mustard_oil,,ingredient,hub
359,mutton,,ingredient,hub
360,nigella_seed,,ingredient,hub
361,nut,,ingredient,hub
362,nutmeg,,ingredient,hub
363,oat,,ingredient,hub
364,of_fresh_mint,,ingredient,no_hub
365,oil,,ingredient,no_hub
366,okra,,ingredient,hub
367,olive,,ingredient,hub
368,olive_oil,,ingredient,no_hub
369,onion,,ingredient,hub
370,onion_powder,,ingredient,no_hub
371,orange,,ingredient,hub
372,orange_bell_pepper,,ingredient,hub
373,orange_juice,,ingredient,no_hub
374,orange_oil,,ingredient,hub
375,orange_roughy,,ingredient,hub
376,orange_zest,,ingredient,no_hub
377,oregano,,ingredient,hub
378,oyster,,ingredient,hub
379,oyster_mushroom,,ingredient,hub
380,pancake,,ingredient,hub
381,panko_breadcrumb,,ingredient,no_hub
382,papaya,,ingredient,hub
383,paprika,,ingredient,no_hub
384,parmesan_cheese,,ingredient,hub
385,parmigiano_reggiano_cheese,,ingredient,no_hub
386,parsley,,ingredient,hub
387,parsnip,,ingredient,hub
388,passion_fruit,,ingredient,hub
389,pasta,,ingredient,hub
390,pate,,ingredient,hub
391,pawpaw,,ingredient,hub
392,pea,,ingredient,hub
393,peach,,ingredient,hub
394,peanut,,ingredient,hub
395,peanut_butter,,ingredient,hub
396,peanut_oil,,ingredient,hub
397,pear,,ingredient,hub
398,pear_brandy,,ingredient,hub
399,pecan,,ingredient,hub
400,pectin,,ingredient,hub
401,pepper,,ingredient,hub
402,peppermint,,ingredient,hub
403,persimmon,,ingredient,hub
404,pheasant,,ingredient,hub
405,philadelphia_cream_cheese,,ingredient,no_hub
406,phyllo_dough,,ingredient,hub
407,pie_crust,,ingredient,hub
408,pigeon_pea,,ingredient,hub
409,pine_nut,,ingredient,no_hub
410,pineapple,,ingredient,hub
411,pineapple_juice,,ingredient,no_hub
412,pink_salmon,,ingredient,hub
413,pistachio,,ingredient,hub
414,pita_bread,,ingredient,hub
415,plain_flour,,ingredient,no_hub
416,plain_yogurt,,ingredient,no_hub
417,plum,,ingredient,hub
418,plum_brandy,,ingredient,hub
419,plum_tomato,,ingredient,no_hub
420,plum_wine,,ingredient,hub
421,pollock,,ingredient,hub
422,pomegranate,,ingredient,hub
423,popcorn,,ingredient,hub
424,poppy_seed,,ingredient,hub
425,pork,,ingredient,hub
426,port_wine,,ingredient,hub
427,potato,,ingredient,hub
428,potato_bread,,ingredient,hub
429,potato_chip,,ingredient,hub
430,powdered_sugar,,ingredient,no_hub
431,prawn,,ingredient,hub
432,prickly_pear,,ingredient,hub
433,provolone_cheese,,ingredient,hub
434,pudding,,ingredient,hub
435,pumpkin,,ingredient,hub
436,pure_vanilla_extract,,ingredient,no_hub
437,purslane,,ingredient,hub
438,quail,,ingredient,hub
439,quince,,ingredient,hub
440,quinoa,,ingredient,hub
441,rabbit,,ingredient,hub
442,radish,,ingredient,hub
443,rainbow_trout,,ingredient,hub
444,raisin,,ingredient,hub
445,raisin_bread,,ingredient,hub
446,rapini,,ingredient,hub
447,raspberry,,ingredient,hub
448,ravioli,,ingredient,hub
449,red_bell_pepper,,ingredient,hub
450,red_currant,,ingredient,hub
451,red_onion,,ingredient,no_hub
452,red_pepper,,ingredient,no_hub
453,red_pepper_flake,,ingredient,no_hub
454,red_potato,,ingredient,no_hub
455,red_raspberry,,ingredient,hub
456,red_rice,,ingredient,hub
457,red_wine,,ingredient,hub
458,red_wine_vinegar,,ingredient,no_hub
459,relish,,ingredient,hub
460,rhubarb,,ingredient,hub
461,rice,,ingredient,hub
462,rice_cake,,ingredient,hub
463,rice_vinegar,,ingredient,no_hub
464,ricotta_cheese,,ingredient,hub
465,rolled_oat,,ingredient,no_hub
466,romaine_lettuce,,ingredient,no_hub
467,romano_cheese,,ingredient,hub
468,roquefort_cheese,,ingredient,hub
469,rose,,ingredient,hub
470,rose_wine,,ingredient,hub
471,rosemary,,ingredient,hub
472,rum,,ingredient,hub
473,russet_potato,,ingredient,no_hub
474,rutabaga,,ingredient,hub
475,rye_bread,,ingredient,hub
476,saffron,,ingredient,hub
477,sage,,ingredient,hub
478,sake,,ingredient,hub
479,salad_dressing,,ingredient,hub
480,salmon,,ingredient,hub
481,salmon_fillet,,ingredient,no_hub
482,salsa,,ingredient,no_hub
483,salt,,ingredient,hub
484,salt_&_freshly_ground_black_pepper,,ingredient,no_hub
485,salt_&_pepper,,ingredient,no_hub
486,salt_and_black_pepper,,ingredient,no_hub
487,salt_and_pepper,,ingredient,no_hub
488,saskatoon_berry,,ingredient,hub
489,sausage,,ingredient,hub
490,scallion,,ingredient,no_hub
491,scallop,,ingredient,hub
492,scotch_whisky,,ingredient,hub
493,sea_salt,,ingredient,no_hub
494,seasoning_salt,,ingredient,no_hub
495,semi_sweet_chocolate_chip,,ingredient,no_hub
496,semisweet_chocolate,,ingredient,no_hub
497,semolina,,ingredient,hub
498,sesame,,ingredient,hub
499,sesame_oil,,ingredient,no_hub
500,sesame_seed,,ingredient,no_hub
501,shallot,,ingredient,hub
502,sharp_cheddar_cheese,,ingredient,no_hub
503,shortening,,ingredient,hub
504,shredded_cheddar_cheese,,ingredient,no_hub
505,shrimp,,ingredient,hub
506,skim_milk,,ingredient,no_hub
507,sliced_almond,,ingredient,no_hub
508,sliced_mushroom,,ingredient,no_hub
509,slivered_almond,,ingredient,no_hub
510,smelt,,ingredient,hub
511,snail,,ingredient,hub
512,sockeye_salmon,,ingredient,hub
513,sorghum,,ingredient,hub
514,sorrel,,ingredient,hub
515,soup,,ingredient,hub
516,sour_cherry,,ingredient,hub
517,sour_cream,,ingredient,no_hub
518,soy_sauce,,ingredient,no_hub
519,soy_yogurt,,ingredient,hub
520,soybean,,ingredient,hub
521,soybean_oil,,ingredient,hub
522,spaghetti,,ingredient,no_hub
523,sparkling_wine,,ingredient,hub
524,spearmint,,ingredient,hub
525,spelt,,ingredient,hub
526,spinach,,ingredient,hub
527,spirulina,,ingredient,hub
528,squab,,ingredient,hub
529,squid,,ingredient,hub
530,squirrel,,ingredient,hub
531,star_anise,,ingredient,hub
532,star_fruit,,ingredient,hub
533,strawberry,,ingredient,hub
534,strawberry_jam,,ingredient,hub
535,striped_bass,,ingredient,hub
536,sugar,,ingredient,hub
537,sugar_substitute,,ingredient,hub
538,summer_savory,,ingredient,hub
539,swede,,ingredient,hub
540,sweet_basil,,ingredient,hub
541,sweet_cherry,,ingredient,hub
542,sweet_marjoram,,ingredient,hub
543,sweet_onion,,ingredient,no_hub
544,sweet_potato,,ingredient,hub
545,sweetcorn,,ingredient,hub
546,sweetened_condensed_milk,,ingredient,no_hub
547,swiss_cheese,,ingredient,hub
548,swordfish,,ingredient,hub
549,syrup,,ingredient,hub
550,tabasco_sauce,,ingredient,no_hub
551,tamale,,ingredient,hub
552,tangerine,,ingredient,hub
553,tarragon,,ingredient,hub
554,tea,,ingredient,hub
555,teff,,ingredient,hub
556,thyme,,ingredient,hub
557,tofu,,ingredient,hub
558,tomato,,ingredient,hub
559,tomato_paste,,ingredient,no_hub
560,tomato_sauce,,ingredient,no_hub
561,tortilla,,ingredient,hub
562,tortilla_chip,,ingredient,hub
563,tostada,,ingredient,hub
564,trail_mix,,ingredient,hub
565,truffle,,ingredient,hub
566,turbot,,ingredient,hub
567,turkey,,ingredient,hub
568,turmeric,,ingredient,hub
569,turnip,,ingredient,hub
570,unsalted_butter,,ingredient,no_hub
571,unsweetened_cocoa_powder,,ingredient,no_hub
572,vanilla,,ingredient,hub
573,vanilla_extract,,ingredient,no_hub
574,vanilla_ice_cream,,ingredient,no_hub
575,vegetable_broth,,ingredient,no_hub
576,vegetable_juice,,ingredient,hub
577,vegetable_oil,,ingredient,no_hub
578,vegetable_stock,,ingredient,no_hub
579,vermouth,,ingredient,hub
580,vinegar,,ingredient,hub
581,vodka,,ingredient,hub
582,waffle,,ingredient,hub
583,walleye,,ingredient,hub
584,walnut,,ingredient,hub
585,warm_water,,ingredient,no_hub
586,wasabi,,ingredient,hub
587,water,,ingredient,hub
588,water_chestnut,,ingredient,hub
589,watercress,,ingredient,hub
590,wheat,,ingredient,hub
591,whey,,ingredient,hub
592,whipped_cream,,ingredient,no_hub
593,whipping_cream,,ingredient,no_hub
594,white_bread,,ingredient,hub
595,white_cabbage,,ingredient,hub
596,white_onion,,ingredient,no_hub
597,white_pepper,,ingredient,hub
598,white_sugar,,ingredient,no_hub
599,white_vinegar,,ingredient,no_hub
600,white_wine,,ingredient,hub
601,white_wine_vinegar,,ingredient,no_hub
602,whole_milk,,ingredient,no_hub
603,whole_wheat_flour,,ingredient,no_hub
604,wild_rice,,ingredient,hub
605,wine,,ingredient,hub
606,winter_savory,,ingredient,hub
607,winter_squash,,ingredient,hub
608,wonton_wrapper,,ingredient,hub
609,worcestershire_sauce,,ingredient,no_hub
610,yam,,ingredient,hub
611,yellow_bell_pepper,,ingredient,hub
612,yellow_onion,,ingredient,no_hub
613,yellow_zucchini,,ingredient,hub
614,yogurt,,ingredient,hub
615,zucchini,,ingredient,no_hub
616,3-Methyl-2-oxobutanoic_acid,49.0,compound,food
617,2-oxobutanoic_acid,58.0,compound,food
618,4-Methyl-2-oxovaleric_acid,70.0,compound,food
619,"3,4-Dihydroxybenzoic_Acid",72.0,compound,food
620,3-Phenylpropanoic_acid,107.0,compound,food
621,4-hydroxybenzyl_alcohol,125.0,compound,food
622,4-hydroxybenzaldehyde,126.0,compound,food
623,4-Hydroxybenzoic_Acid,135.0,compound,food
624,acetic_acid,176.0,compound,food
625,acetaldehyde,177.0,compound,food
626,acetamide,178.0,compound,food
627,acetoin,179.0,compound,food
628,acetone,180.0,compound,food
629,adipic_acid,196.0,compound,food
630,benzaldehyde,240.0,compound,food
631,benzoic_acid,243.0,compound,food
632,benzyl_alcohol,244.0,compound,food
633,betaine,247.0,compound,food
634,butyraldehyde,261.0,compound,food
635,"2,3-butanediol",262.0,compound,food
636,1-butanol,263.0,compound,food
637,butyric_acid,264.0,compound,food
638,formic_acid,284.0,compound,food
639,Aconitic_Acid,309.0,compound,food
640,citric_acid,311.0,compound,food
641,hydrochloric_acid,313.0,compound,food
642,coumarin,323.0,compound,food
643,4-isopropylbenzyl_alcohol,325.0,compound,food
644,4-isopropylbenzaldehyde,326.0,compound,food
645,2-Methoxy-4-vinylphenol,332.0,compound,food
646,o-cresol,335.0,compound,food
647,salicylic_acid,338.0,compound,food
648,m-cresol,342.0,compound,food
649,octane,356.0,compound,food
650,octanoic_acid,379.0,compound,food
651,hydrogen_sulfide,402.0,compound,food
652,Octanal,454.0,compound,food
653,guaiacol,460.0,compound,food
654,4-Methylthio-2-oxobutanoic_acid,473.0,compound,food
655,Propionaldehyde,527.0,compound,food
656,Dl-Alanine,602.0,compound,food
657,lactic_acid,612.0,compound,food
658,"2,3-butanedione",650.0,compound,food
659,dihydrocoumarin,660.0,compound,food
660,dimethyl_sulfoxide,679.0,compound,food
661,ethanol,702.0,compound,food
662,Glutaric_Acid,743.0,compound,food
663,glycerol,753.0,compound,food
664,hydrogen_cyanide,768.0,compound,food
665,hydrogen_peroxide,784.0,compound,food
666,indole,798.0,compound,food
667,indole-3-acetic_acid,802.0,compound,food
668,DL-Tartaric_acid,875.0,compound,food
669,Dl-Methionine,876.0,compound,food
670,methanethiol,878.0,compound,food
671,methylglyoxal,880.0,compound,food
672,methanol,887.0,compound,food
673,naphthalene,931.0,compound,food
674,1-octanol,957.0,compound,food
675,3-Hydroxypyruvic_acid,964.0,compound,food
676,palmitic_acid,985.0,compound,food
677,Dl-Phenylalanine,994.0,compound,food
678,phenol,996.0,compound,food
679,phenylacetaldehyde,998.0,compound,food
680,Phenylacetic_Acid,999.0,compound,food
681,Phenethylamine,1001.0,compound,food
682,"1,2-propanediol",1030.0,compound,food
683,1-propanol,1031.0,compound,food
684,propionic_acid,1032.0,compound,food
685,Pyridine,1049.0,compound,food
686,Pyruvic_acid,1060.0,compound,food
687,dimethyl_sulfide,1068.0,compound,food
688,succinic_acid,1110.0,compound,food
689,sulfur_dioxide,1119.0,compound,food
690,taurine,1123.0,compound,food
691,thiamine,1130.0,compound,food
692,4-Methyl-5-Thiazoleethanol,1136.0,compound,food
693,toluene,1140.0,compound,food
694,trimethylamine,1146.0,compound,food
695,DL-Valine,1182.0,compound,food
696,vanillin,1183.0,compound,food
697,"4a(2H)-Naphthol,_octahydro-4,8a-dimethyl-",1213.0,compound,food
698,"2,4-dihydroxybenzoic_acid",1491.0,compound,food
699,DL-Liquiritigenin,1889.0,compound,food
700,Acetovanillone,2214.0,compound,food
701,Benzyl_Benzoate,2345.0,compound,food
702,benzyl_isothiocyanate,2346.0,compound,food
703,caffeine,2519.0,compound,food
704,Cinchonidine,2757.0,compound,food
705,Eucalyptol,2758.0,compound,food
706,P-Cresol,2879.0,compound,food
707,Decanoic_acid,2969.0,compound,food
708,Nonivamide,2998.0,compound,food
709,dibutyl_phthalate,3026.0,compound,food
710,Benzophenone,3102.0,compound,food
711,eugenol,3314.0,compound,food
712,gingerol,3473.0,compound,food
713,isopropanol,3776.0,compound,food
714,lanatoside_C,3879.0,compound,food
715,lauric_acid,3893.0,compound,food
716,methoxsalen,4114.0,compound,food
717,methyl_salicylate,4133.0,compound,food
718,Myristicin,4276.0,compound,food
719,"1-(4-{[4,5-dihydroxy-6-(hydroxymethyl)-3-[(3,4,5-trihydroxy-6-methyloxan-2-yl)oxy]oxan-2-yl]oxy}-2,6-dihydroxyphenyl)-3-(3-hydroxy-4-methoxyphenyl)propan-1-one",4453.0,compound,food
720,papaverine,4680.0,compound,food
721,phloretin,4788.0,compound,food
722,propyl_gallate,4947.0,compound,food
723,resorcinol,5054.0,compound,food
724,safrole,5144.0,compound,food
725,stearic_acid,5281.0,compound,food
726,theobromine,5429.0,compound,food
727,triacetin,5541.0,compound,food
728,tyramine,5610.0,compound,food
729,10-Undecenoic_Acid,5634.0,compound,food
730,D-Sorbitol,5780.0,compound,food
731,L-aspartic_acid,5960.0,compound,food
732,L-lysine,5962.0,compound,food
733,Allyl_Isothiocyanate,5971.0,compound,food
734,Tributyrin,6050.0,compound,food
735,2-Phenylethanol,6054.0,compound,food
736,Phlorizin,6072.0,compound,food
737,L-phenylalanine,6140.0,compound,food
738,Hexanal,6184.0,compound,food
739,Thiamine_Hydrochloride,6202.0,compound,food
740,Dimethyl_sulfone,6213.0,compound,food
741,D-mannitol,6251.0,compound,food
742,L-histidine,6274.0,compound,food
743,1-Pentanol,6276.0,compound,food
744,L-arginine,6322.0,compound,food
745,Ethanamine,6341.0,compound,food
746,Ethanethiol,6343.0,compound,food
747,Dichloromethane,6344.0,compound,food
748,Isopropylamine,6363.0,compound,food
749,2-Propanethiol,6364.0,compound,food
750,2-Methyl-2-Butanol,6405.0,compound,food
751,Bornyl_Acetate,6448.0,compound,food
752,3-Methyl-3-Pentanol,6493.0,compound,food
753,Triethyl_Citrate,6506.0,compound,food
754,Linalyl_isobutyrate,6532.0,compound,food
755,Isophorone,6544.0,compound,food
756,Linalool,6549.0,compound,food
757,Isobutylamine,6558.0,compound,food
758,2-Methyl-1-propanol,6560.0,compound,food
759,Isobutyraldehyde,6561.0,compound,food
760,2-Butanol,6568.0,compound,food
761,2-Butanone,6569.0,compound,food
762,Methyl_Acetate,6584.0,compound,food
763,Isobutyric_Acid,6590.0,compound,food
764,Camphene,6616.0,compound,food
765,Alpha-Pinene,6654.0,compound,food
766,80-71-7,6660.0,compound,food
767,3-Methylindole,6736.0,compound,food
768,Methyl_2-(methylamino)benzoate,6826.0,compound,food
769,Isoamyl_salicylate,6874.0,compound,food
770,Ethyl_2-aminobenzoate,6877.0,compound,food
771,2-Ethylbutyric_Acid,6915.0,compound,food
772,2-Furoic_Acid,6919.0,compound,food
773,2-Acetylthiophene,6920.0,compound,food
774,2-Isopropylphenol,6943.0,compound,food
775,Guaiene,6949.0,compound,food
776,"2',4'-Dimethylacetophenone",6985.0,compound,food
777,2-Isopropyl-5-methylcyclohexanone,6986.0,compound,food
778,Piperitone,6987.0,compound,food
779,Pulegone,6988.0,compound,food
780,Thymol,6989.0,compound,food
781,Salicylaldehyde,6998.0,compound,food
782,1-Methylnaphthalene,7002.0,compound,food
783,"2,6-Dimethoxyphenol",7041.0,compound,food
784,"1,2-Dimethoxybenzene",7043.0,compound,food
785,Quinoline,7047.0,compound,food
786,2-Methylnaphthalene,7055.0,compound,food
787,6-Methylquinoline,7059.0,compound,food
788,Biphenyl,7095.0,compound,food
789,Methyleugenol,7127.0,compound,food
790,Acetyleugenol,7136.0,compound,food
791,2-Methoxy-4-Methylphenol,7144.0,compound,food
792,2-Phenylpropanal,7146.0,compound,food
793,Propiophenone,7148.0,compound,food
794,Methyl_Benzoate,7150.0,compound,food
795,Methyl_Nicotinate,7151.0,compound,food
796,Ethyl_Benzoate,7165.0,compound,food
797,Isopentyl_benzoate,7193.0,compound,food
798,Phenethyl_benzoate,7194.0,compound,food
799,Benzothiazole,7222.0,compound,food
800,O-Xylene,7237.0,compound,food
801,"1,2,4-Trimethylbenzene",7247.0,compound,food
802,"3,4-Dimethylphenol",7249.0,compound,food
803,"2,5-Dimethylphenol",7267.0,compound,food
804,2-Methylbutyraldehyde,7284.0,compound,food
805,3-Pentanone,7288.0,compound,food
806,gamma-Butyrolactone,7302.0,compound,food
807,Carvyl_Acetate,7335.0,compound,food
808,2-Methylpentanoic_acid,7341.0,compound,food
809,Ethyl_Isobutyrate,7342.0,compound,food
810,Ethyl_Lactate,7344.0,compound,food
811,Isobutyl_isobutyrate,7351.0,compound,food
812,Butyl_isobutyrate,7353.0,compound,food
813,2-Ethylbutanal,7359.0,compound,food
814,Tetrahydrofurfuryl_Alcohol,7360.0,compound,food
815,Furfuryl_Alcohol,7361.0,compound,food
816,2-Furaldehyde,7362.0,compound,food
817,Furfuryl_mercaptan,7363.0,compound,food
818,Thiophene-2-carbaldehyde,7364.0,compound,food
819,4-tert-Butylphenol,7393.0,compound,food
820,1-Phenylethanol,7409.0,compound,food
821,Acetophenone,7410.0,compound,food
822,Carveol,7438.0,compound,food
823,Carvone,7439.0,compound,food
824,Methyl_4-hydroxybenzoate,7456.0,compound,food
825,p-Menthane,7459.0,compound,food
826,Alpha-Phellandrene,7460.0,compound,food
827,Gamma-Terpinene,7461.0,compound,food
828,Alpha-Terpinene,7462.0,compound,food
829,P-Cymene,7463.0,compound,food
830,4-Isopropylphenol,7465.0,compound,food
831,4'-Hydroxyacetophenone,7469.0,compound,food
832,4'-Methoxyacetophenone,7476.0,compound,food
833,4-Methoxybenzoic_Acid,7478.0,compound,food
834,Styrene,7501.0,compound,food
835,Benzyl_Mercaptan,7509.0,compound,food
836,Anisole,7519.0,compound,food
837,Thioanisole,7520.0,compound,food
838,2-Ethylpyridine,7523.0,compound,food
839,2-Methyl-1-phenyl-2-propanol,7531.0,compound,food
840,Methyl_Phenylacetate,7559.0,compound,food
841,Diphenyl_oxide,7583.0,compound,food
842,Ethyl_Phenylacetate,7590.0,compound,food
843,102-19-2,7600.0,compound,food
844,Methyl_3-phenylpropionate,7643.0,compound,food
845,Benzyl_isobutyrate,7646.0,compound,food
846,Benzyl_butyrate,7650.0,compound,food
847,Benzyl_isovalerate,7651.0,compound,food
848,Phenethyl_acetate,7654.0,compound,food
849,Phenethyl_isobutyrate,7655.0,compound,food
850,Benzyl_ether,7657.0,compound,food
851,Phenethyl_butyrate,7658.0,compound,food
852,103-61-7,7664.0,compound,food
853,4-Methoxybenzyl_acetate,7695.0,compound,food
854,104-50-7,7704.0,compound,food
855,3-Phenylpropanal,7707.0,compound,food
856,Benzyl_formate,7708.0,compound,food
857,gamma-Nonanolactone,7710.0,compound,food
858,2-Phenylethyl_formate,7711.0,compound,food
859,Gamma-undecalactone,7714.0,compound,food
860,2-Ethylhexan-1-ol,7720.0,compound,food
861,p-Tolualdehyde,7725.0,compound,food
862,5-Ethyl-2-methylpyridine,7728.0,compound,food
863,4-Methylanisole,7731.0,compound,food
864,4-Methoxybenzyl_Alcohol,7738.0,compound,food
865,gamma-Heptalactone,7742.0,compound,food
866,Ethyl_Propionate,7749.0,compound,food
867,3-Methylvaleric_acid,7755.0,compound,food
868,Diethyl_Malonate,7761.0,compound,food
869,Ethyl_Butyrate,7762.0,compound,food
870,Acetal,7765.0,compound,food
871,Propyl_butyrate,7770.0,compound,food
872,Isoamyl_propionate,7772.0,compound,food
873,Isobutyl_hexanoate,7775.0,compound,food
874,Citronellyl_formate,7778.0,compound,food
875,"3,7-Dimethyl-1-octanol",7792.0,compound,food
876,Citronellal,7794.0,compound,food
877,Isoamyl_butyrate,7795.0,compound,food
878,Ethyl_Heptanoate,7797.0,compound,food
879,Ethyl_Octanoate,7799.0,compound,food
880,Ethyl_dodecanoate,7800.0,compound,food
881,3-Heptanone,7802.0,compound,food
882,Propyl_Propionate,7803.0,compound,food
883,P-Xylene,7809.0,compound,food
884,Dimethyl_Succinate,7820.0,compound,food
885,Methyl_Hexanoate,7824.0,compound,food
886,Methyl_Heptanoate,7826.0,compound,food
887,Acrolein,7847.0,compound,food
888,1-Propanethiol,7848.0,compound,food
889,Propylamine,7852.0,compound,food
890,Allyl_Alcohol,7858.0,compound,food
891,Hydroxycitronellal,7888.0,compound,food
892,Isoamylamine,7894.0,compound,food
893,2-Pentanone,7895.0,compound,food
894,"1,3-Butanediol",7896.0,compound,food
895,4-Methyl-2-pentanone,7909.0,compound,food
896,Isopropyl_Acetate,7915.0,compound,food
897,Acetic_Anhydride,7918.0,compound,food
898,gamma-Valerolactone,7921.0,compound,food
899,M-Xylene,7929.0,compound,food
900,"2,6-Dimethylpyridine",7937.0,compound,food
901,"2,6-Dimethylpyrazine",7938.0,compound,food
902,Dimethyl_malonate,7943.0,compound,food
903,Ethyl_Isovalerate,7945.0,compound,food
904,Mesitylene,7947.0,compound,food
905,"2,6-Dimethyl-4-heptanol",7957.0,compound,food
906,"2,6-Dimethyl-4-heptanone",7958.0,compound,food
907,Methylcyclohexane,7962.0,compound,food
908,Chlorobenzene,7964.0,compound,food
909,Cyclohexanol,7966.0,compound,food
910,Cyclohexanone,7967.0,compound,food
911,2-Methylpyridine,7975.0,compound,food
912,2-Methylpyrazine,7976.0,compound,food
913,Butyl_Isovalerate,7981.0,compound,food
914,Butyl_butyrate,7983.0,compound,food
915,Valeric_acid,7991.0,compound,food
916,Propyl_acetate,7997.0,compound,food
917,Pentane,8003.0,compound,food
918,Butylamine,8007.0,compound,food
919,1-Butanethiol,8012.0,compound,food
920,Diethylamine,8021.0,compound,food
921,Ethyl_Formate,8025.0,compound,food
922,Pyrrole,8027.0,compound,food
923,Isobutyl_Acetate,8038.0,compound,food
924,Isopropyl_Myristate,8042.0,compound,food
925,Ethyl_Decanoate,8048.0,compound,food
926,2-Heptanone,8051.0,compound,food
927,Isopentyl_formate,8052.0,compound,food
928,Hexane,8058.0,compound,food
929,Amylamine,8060.0,compound,food
930,Pentanal,8063.0,compound,food
931,Propyl_Formate,8073.0,compound,food
932,Diethyl_Disulfide,8077.0,compound,food
933,Piperidine,8082.0,compound,food
934,Methyl_octanoate,8091.0,compound,food
935,Octan-2-one,8093.0,compound,food
936,Heptanoic_Acid,8094.0,compound,food
937,1-Hexanol,8103.0,compound,food
938,1-Hexanethiol,8106.0,compound,food
939,Propyl_sulfide,8118.0,compound,food
940,Ethyl_Stearate,8122.0,compound,food
941,1-Heptanol,8129.0,compound,food
942,Heptanal,8130.0,compound,food
943,Methyl_Dodecanoate,8139.0,compound,food
944,Nonane,8141.0,compound,food
945,Nonanoic_Acid,8158.0,compound,food
946,Heptyl_acetate,8159.0,compound,food
947,2-Undecanone,8163.0,compound,food
948,Octyl_acetate,8164.0,compound,food
949,Decyl_Acetate,8167.0,compound,food
950,Heptyl_formate,8169.0,compound,food
951,1-Decanol,8174.0,compound,food
952,Decanal,8175.0,compound,food
953,Undecanoic_Acid,8180.0,compound,food
954,Methyl_Palmitate,8181.0,compound,food
955,Dodecane,8182.0,compound,food
956,1-Undecanol,8184.0,compound,food
957,Undecanal,8186.0,compound,food
958,10-Undecenal,8187.0,compound,food
959,1-Dodecanol,8193.0,compound,food
960,Dodecanal,8194.0,compound,food
961,Methyl_Stearate,8201.0,compound,food
962,Dodecyl_Acetate,8205.0,compound,food
963,Eicosane,8222.0,compound,food
964,2-Methyl-3-Buten-2-Ol,8257.0,compound,food
965,Linalyl_Acetate,8294.0,compound,food
966,2-Methylbutanoic_acid,8314.0,compound,food
967,Benzyl_Salicylate,8363.0,compound,food
968,Ethyl_salicylate,8365.0,compound,food
969,Maltol,8369.0,compound,food
970,2'-Hydroxyacetophenone,8375.0,compound,food
971,Isoquinoline,8405.0,compound,food
972,"3,4-Dimethoxybenzaldehyde",8419.0,compound,food
973,1-Phenylethyl_propionate,8432.0,compound,food
974,Piperonal,8438.0,compound,food
975,Cyclopentanone,8452.0,compound,food
976,Vanillic_acid,8468.0,compound,food
977,Methyl_4-Methoxybenzoate,8499.0,compound,food
978,4'-Methylacetophenone,8500.0,compound,food
979,Methyl_Anthranilate,8635.0,compound,food
980,Syringaldehyde,8655.0,compound,food
981,2-Methoxybenzaldehyde,8658.0,compound,food
982,Butyl_Benzoate,8698.0,compound,food
983,2-Methylbenzenethiol,8712.0,compound,food
984,2-Methyl-1-Butanol,8723.0,compound,food
985,Butyl_Lactate,8738.0,compound,food
986,Beta-Terpineol,8748.0,compound,food
987,"3,4-Dihydroxybenzaldehyde",8768.0,compound,food
988,Benzyl_Acetate,8785.0,compound,food
989,Phenylethyl_isovalerate,8792.0,compound,food
990,Estragole,8815.0,compound,food
991,Ethyl_Acrylate,8821.0,compound,food
992,Citronellyl_propionate,8834.0,compound,food
993,Citronellyl_butyrate,8835.0,compound,food
994,Citronellol,8842.0,compound,food
995,Ethyl_Acetate,8857.0,compound,food
996,Mesityl_Oxide,8858.0,compound,food
997,Hydroxycitronellal_dimethyl_acetal,8863.0,compound,food
998,ethyl_acetoacetate,8868.0,compound,food
999,Hexanoic_Acid,8892.0,compound,food
1000,Heptane,8900.0,compound,food
1001,Isopropyl_Palmitate,8907.0,compound,food
1002,Hexyl_acetate,8908.0,compound,food
1003,1-Nonanol,8914.0,compound,food
1004,Nonyl_Acetate,8918.0,compound,food
1005,4-Methoxyphenol,9015.0,compound,food
1006,"1,4-Dimethoxybenzene",9016.0,compound,food
1007,Citronellyl_acetate,9017.0,compound,food
1008,"1,3-Dimethoxybenzene",9025.0,compound,food
1009,Cianidanol,9064.0,compound,food
1010,Thiazole,9256.0,compound,food
1011,Pyrazine,9261.0,compound,food
1012,Piperonyl_Acetate,9473.0,compound,food
1013,3-Acetylpyridine,9589.0,compound,food
1014,Diethyl_sulfide,9609.0,compound,food
1015,6-Methyl-5-Hepten-2-One,9862.0,compound,food
1016,beta-Cyclocitral,9895.0,compound,food
1017,"1,4-Cineole",10106.0,compound,food
1018,483-77-2,10224.0,compound,food
1019,Dillapiole,10231.0,compound,food
1020,Elemicin,10248.0,compound,food
1021,Thymoquinone,10281.0,compound,food
1022,Piperitol,10282.0,compound,food
1023,2(5H)-Furanone,10341.0,compound,food
1024,Carvomenthone,10362.0,compound,food
1025,Carvacrol,10364.0,compound,food
1026,2-(4-Hydroxyphenyl)ethanol,10393.0,compound,food
1027,Citronellic_acid,10402.0,compound,food
1028,(E)-.beta.-Farnesene,10407.0,compound,food
1029,"6,10,14-Trimethylpentadecan-2-one",10408.0,compound,food
1030,Isovaleric_Acid,10430.0,compound,food
1031,3-methylthiopropanol,10448.0,compound,food
1032,"1,3-Dithiane",10451.0,compound,food
1033,"1,4-Dithiane",10452.0,compound,food
1034,"Bicyclo[2.2.1]heptane,_2-methyl-3-methylene-2-(4-methyl-3-pentenyl)-,_(1S-exo)-",10534.0,compound,food
1035,Isobutyl_mercaptan,10558.0,compound,food
1036,Myrtenol,10582.0,compound,food
1037,Bisabolol,10586.0,compound,food
1038,Apiole,10659.0,compound,food
1039,Flavone,10680.0,compound,food
1040,2-Isopropyltoluene,10703.0,compound,food
1041,2-Methylbenzaldehyde,10722.0,compound,food
1042,7-Methoxycoumarin,10748.0,compound,food
1043,"1,1-Dimethoxyethane",10795.0,compound,food
1044,2-Methylfuran,10797.0,compound,food
1045,M-Cymene,10812.0,compound,food
1046,1-(4-Methylphenyl)ethanol,10817.0,compound,food
1047,Perilla_alcohol,10819.0,compound,food
1048,3-Ethylpyridine,10823.0,compound,food
1049,(Ethoxymethyl)benzene,10873.0,compound,food
1050,Ethyl_pentanoate,10882.0,compound,food
1051,Ethyl_Levulinate,10883.0,compound,food
1052,Isobutyl_butyrate,10885.0,compound,food
1053,Pentyl_Hexanoate,10886.0,compound,food
1054,Pentyl_Butyrate,10890.0,compound,food
1055,Isobutyl_propionate,10895.0,compound,food
1056,"1,2-Ethanedithiol",10902.0,compound,food
1057,Isoamyl_mercaptan,10925.0,compound,food
1058,"3,3-Dimethylacrylic_acid",10931.0,compound,food
1059,"2,4-Dimethylthiazole",10934.0,compound,food
1060,"1,3-Dichlorobenzene",10943.0,compound,food
1061,Isobutyl_Formate,10957.0,compound,food
1062,Ethyl_isothiocyanate,10966.0,compound,food
1063,Myrcenol,10975.0,compound,food
1064,2-Heptanol,10976.0,compound,food
1065,Dibutyl_sulfide,11002.0,compound,food
1066,Tetradecanoic_acid,11005.0,compound,food
1067,Hexadecane,11006.0,compound,food
1068,3-Thujanone,11027.0,compound,food
1069,Methyl_Isobutyrate,11039.0,compound,food
1070,Methyl_Propionate,11124.0,compound,food
1071,2-Methylthiophene,11126.0,compound,food
1072,Linamarin,11128.0,compound,food
1073,Beta-Phellandrene,11142.0,compound,food
1074,Methyl_isovalerate,11160.0,compound,food
1075,Methyl_Isothiocyanate,11167.0,compound,food
1076,Methyl_Thiocyanate,11168.0,compound,food
1077,3-Methyl-2-Buten-1-Ol,11173.0,compound,food
1078,Propyl_Isovalerate,11176.0,compound,food
1079,Terpinen-4-ol,11230.0,compound,food
1080,3-Methyl-2-Butanone,11251.0,compound,food
1081,2-Methyl-3-Pentanone,11265.0,compound,food
1082,"2,6-Dimethylphenol",11335.0,compound,food
1083,"1-Phenyl-1,2-Propanedione",11363.0,compound,food
1084,"Octane-2,3-dione",11449.0,compound,food
1085,Terpinolene,11463.0,compound,food
1086,gamma-Terpineol,11467.0,compound,food
1087,1-Terpineol,11468.0,compound,food
1088,3-Methyl-1-Pentanol,11508.0,compound,food
1089,3-Hexanone,11509.0,compound,food
1090,Isobutyl_Isovalerate,11514.0,compound,food
1091,3-Heptanol,11520.0,compound,food
1092,"cis-1,4-Dimethylcyclohexane",11523.0,compound,food
1093,3-Octanol,11527.0,compound,food
1094,Butyl_propionate,11529.0,compound,food
1095,2-Methyl-2-Pentanol,11543.0,compound,food
1096,3-Methylbutanal,11552.0,compound,food
1097,alpha-Angelica_lactone,11559.0,compound,food
1098,3-Methylcyclohexanone,11567.0,compound,food
1099,3-Methoxybenzaldehyde,11569.0,compound,food
1100,Levulinic_Acid,11579.0,compound,food
1101,2-Hexanone,11583.0,compound,food
1102,Acetoxyacetone,11593.0,compound,food
1103,Butyl_isothiocyanate,11613.0,compound,food
1104,Butyl_Formate,11614.0,compound,food
1105,Diallyl_Sulfide,11617.0,compound,food
1106,2-Tridecanone,11622.0,compound,food
1107,Octadecane,11635.0,compound,food
1108,3-Methyl-2-Butanol,11732.0,compound,food
1109,"2,3-Pentanedione",11747.0,compound,food
1110,Methyl_2-furoate,11902.0,compound,food
1111,1-Penten-3-Ol,12020.0,compound,food
1112,Ethyl_Pyruvate,12041.0,compound,food
1113,Isopropyl_Isobutyrate,12044.0,compound,food
1114,Dihydrocarveol,12072.0,compound,food
1115,5-Methylfurfural,12097.0,compound,food
1116,3-Methylbenzaldehyde,12105.0,compound,food
1117,Cyclohexyl_Acetate,12146.0,compound,food
1118,Furfuryl_acetate,12170.0,compound,food
1119,3-Hexanol,12178.0,compound,food
1120,Methyl_butyrate,12180.0,compound,food
1121,Methyl_Valerate,12206.0,compound,food
1122,2-Methylbutyl_Acetate,12209.0,compound,food
1123,Ethyl_methyl_sulfide,12230.0,compound,food
1124,Dimethyl_disulfide,12232.0,compound,food
1125,Isopropyl_Formate,12257.0,compound,food
1126,"2,5-Dimethylfuran",12266.0,compound,food
1127,2-Pentyl_Acetate,12278.0,compound,food
1128,Propyl_Hexanoate,12293.0,compound,food
1129,Butyl_hexanoate,12294.0,compound,food
1130,2-Hexanol,12297.0,compound,food
1131,Ethyl_Undecanoate,12327.0,compound,food
1132,5-Methylhexanoic_Acid,12344.0,compound,food
1133,Amyl_acetate,12348.0,compound,food
1134,Ethyl_Palmitate,12366.0,compound,food
1135,2-Nonanol,12367.0,compound,food
1136,Dipropyl_disulfide,12377.0,compound,food
1137,Tridecane,12388.0,compound,food
1138,Tetradecane,12389.0,compound,food
1139,Pentadecane,12391.0,compound,food
1140,1-Hexadecene,12395.0,compound,food
1141,Heptadecane,12398.0,compound,food
1142,Nonadecane,12401.0,compound,food
1143,Heneicosane,12403.0,compound,food
1144,Docosane,12405.0,compound,food
1145,Isopropyl_Propionate,12508.0,compound,food
1146,"2,5-Dimethylthiophene",12514.0,compound,food
1147,Pentyl_formate,12529.0,compound,food
1148,Tricosane,12534.0,compound,food
1149,2-Propylphenol,12570.0,compound,food
1150,Propyl_Isobutyrate,12571.0,compound,food
1151,4-Propylphenol,12580.0,compound,food
1152,3-Phenylpropanenitrile,12581.0,compound,food
1153,4-Methylpentanoic_Acid,12587.0,compound,food
1154,Isoamyl_Isovalerate,12613.0,compound,food
1155,2-Decanone,12741.0,compound,food
1156,4-Methylthiazole,12748.0,compound,food
1157,gamma-Caprolactone,12756.0,compound,food
1158,delta-Octanolactone,12777.0,compound,food
1159,Benzyl_methyl_disulfide,12779.0,compound,food
1160,Delta-Decalactone,12810.0,compound,food
1161,gamma-Decalactone,12813.0,compound,food
1162,Delta-Dodecalactone,12844.0,compound,food
1163,Benzyl_methyl_sulfide,13016.0,compound,food
1164,calcium_lactate,13144.0,compound,food
1165,2-Nonanone,13187.0,compound,food
1166,delta-Hexalactone,13204.0,compound,food
1167,Methyl_2-methylbutyrate,13357.0,compound,food
1168,Allyl_Mercaptan,13367.0,compound,food
1169,6-Undecanone,13561.0,compound,food
1170,6-Methylheptan-2-one,13572.0,compound,food
1171,3-Decanone,13576.0,compound,food
1172,3-Ethyl-o-xylene,13621.0,compound,food
1173,Isopropyl_Benzoate,13654.0,compound,food
1174,1H-Pyrrole-2-carbaldehyde,13854.0,compound,food
1175,2-Acetylpyrrole,14079.0,compound,food
1176,1-Methyl-3-Propylbenzene,14092.0,compound,food
1177,Thymol_methyl_ether,14104.0,compound,food
1178,Hexyl_octanoate,14228.0,compound,food
1179,Myrcenyl_acetate,14235.0,compound,food
1180,Undecane,14257.0,compound,food
1181,2-Acetylpyridine,14286.0,compound,food
1182,"2,3,5,6-Tetramethylpyrazine",14296.0,compound,food
1183,"3',4'-Dimethoxyacetophenone",14328.0,compound,food
1184,2-Methylheptanoic_Acid,14475.0,compound,food
1185,2-Acetylfuran,14505.0,compound,food
1186,3-Methyl-2-Cyclohexen-1-One,14511.0,compound,food
1187,2-Acetyl-5-Methylfuran,14514.0,compound,food
1188,Fenchone,14525.0,compound,food
1189,2-(4-methylphenyl)propan-2-ol,14529.0,compound,food
1190,Calcium_Oxide,14778.0,compound,food
1191,Beta-Pinene,14896.0,compound,food
1192,1-Furfurylpyrrole,15037.0,compound,food
1193,"7-methyl-4-methylidene-1-propan-2-yl-2,3,4a,5,6,8a-hexahydro-1H-naphthalene",15094.0,compound,food
1194,Bis(methylthio)methane,15380.0,compound,food
1195,Ethyl_Vinyl_Ketone,15394.0,compound,food
1196,Fenchol,15406.0,compound,food
1197,2-Undecanol,15448.0,compound,food
1198,Ethylcyclohexane,15504.0,compound,food
1199,Decane,15600.0,compound,food
1200,Methyl_Nonanoate,15606.0,compound,food
1201,4-Methyl-5-Vinylthiazole,15654.0,compound,food
1202,Ethyl_3-phenylpropionate,16237.0,compound,food
1203,Isopentyl_octanoate,16255.0,compound,food
1204,Diallyl_trisulfide,16315.0,compound,food
1205,Perillaldehyde,16441.0,compound,food
1206,Terpinyl_formate,16537.0,compound,food
1207,Diallyl_Disulfide,16590.0,compound,food
1208,Allyl_Propyl_Disulfide,16591.0,compound,food
1209,Methyl_propyl_disulfide,16592.0,compound,food
1210,Isopentyl_hexanoate,16617.0,compound,food
1211,l-Menthol,16666.0,compound,food
1212,d-Carvone,16724.0,compound,food
1213,Phenethyl_isothiocyanate,16741.0,compound,food
1214,2-Pentylpyridine,16800.0,compound,food
1215,gamma-Dodecalactone,16821.0,compound,food
1216,Isopropyl_Hexanoate,16832.0,compound,food
1217,Propyl_Benzoate,16846.0,compound,food
1218,Hexyl_isobutyrate,16872.0,compound,food
1219,5-Ethyl-2(5H)-furanone,16997.0,compound,food
1220,"2,2,6-Trimethylcyclohexanone",17000.0,compound,food
1221,Methyl_4-methylvalerate,17008.0,compound,food
1222,"2,3,6-Trimethylphenol",17016.0,compound,food
1223,"9-Octadecenal,_(9E)-",17029.0,compound,food
1224,alpha-TERPINEOL,17100.0,compound,food
1225,1-Octen-3-yl_acetate,17121.0,compound,food
1226,2-METHYLBUTYL_2-METHYLBUTYRATE,17129.0,compound,food
1227,Hexyl_Butyrate,17525.0,compound,food
1228,3-Methyl-2-Cyclopenten-1-One,17691.0,compound,food
1229,Pentadecanal,17697.0,compound,food
1230,2-Methoxy-4-Propylphenol,17739.0,compound,food
1231,3-Thujene,17868.0,compound,food
1232,2-Methoxypyrazine,18467.0,compound,food
1233,2-Methyltetrahydrofuran-3-One,18522.0,compound,food
1234,2-Ethylfuran,18554.0,compound,food
1235,3-(Methylthio)propionaldehyde,18635.0,compound,food
1236,Ethyl_cyclohexanecarboxylate,18686.0,compound,food
1237,Delta-Nonalactone,18698.0,compound,food
1238,Sabinene,18818.0,compound,food
1239,1-Octen-3-Ol,18827.0,compound,food
1240,"3,5,5-Trimethylhexan-1-ol",18938.0,compound,food
1241,Phenoxyacetic_Acid,19188.0,compound,food
1242,3658-77-3,19309.0,compound,food
1243,Dimethyl_trisulfide,19310.0,compound,food
1244,2-Pentylfuran,19602.0,compound,food
1245,2-Heptylfuran,19603.0,compound,food
1246,"1,1-Diethoxy-3-Methylbutane",19695.0,compound,food
1247,"2,3-Hexanedione",19707.0,compound,food
1248,Methyl_propyl_sulfide,19754.0,compound,food
1249,Octan-2-ol,20083.0,compound,food
1250,Difurfuryl_Disulfide,20499.0,compound,food
1251,2-Butylfuran,20534.0,compound,food
1252,2-Methylhexanoic_Acid,20653.0,compound,food
1253,6-Methylhept-5-en-2-ol,20745.0,compound,food
1254,Methyl_cyclohexanecarboxylate,20748.0,compound,food
1255,4674-50-4,20797.0,compound,food
1256,Disodium_5'-inosinate,20819.0,compound,food
1257,4-Ethylbenzaldehyde,20861.0,compound,food
1258,1-Hexen-3-Ol,20928.0,compound,food
1259,2-Pentylthiophene,20995.0,compound,food
1260,1-Hepten-3-Ol,21057.0,compound,food
1261,8-Nonen-2-one,21108.0,compound,food
1262,Butyl_Heptanoate,21596.0,compound,food
1263,4-(4-Hydroxyphenyl)-2-butanone,21648.0,compound,food
1264,5550-12-9,21712.0,compound,food
1265,"2-Methyl-1,3-dithiolane",21828.0,compound,food
1266,"2,3-Dimethylpyrazine",22201.0,compound,food
1267,d-Dihydrocarvone,22227.0,compound,food
1268,Epoxylinalool,22310.0,compound,food
1269,Dipentene,22311.0,compound,food
1270,Dipropyl_trisulfide,22383.0,compound,food
1271,2-Pentanol,22386.0,compound,food
1272,2-Dodecanone,22556.0,compound,food
1273,Hexyl_Hexanoate,22873.0,compound,food
1274,Hexyl_benzoate,23235.0,compound,food
1275,2-Methoxybenzenethiol,23642.0,compound,food
1276,Ethyl_2-methylbutyrate,24020.0,compound,food
1277,Acetyl_isobutyryl,24115.0,compound,food
1278,Diethyl_Malate,24197.0,compound,food
1279,Silica,24261.0,compound,food
1280,Butyl_Anthranilate,24433.0,compound,food
1281,Potassium_Nitrate,24434.0,compound,food
1282,Dihydrocarvone,24473.0,compound,food
1283,Calcium_Iodate,24619.0,compound,food
1284,4-Ethoxybenzaldehyde,24834.0,compound,food
1285,Hexyl_2-methylbutanoate,24838.0,compound,food
1286,L-Rhamnose,25310.0,compound,food
1287,Tridecanal,25311.0,compound,food
1288,2-Methyl-3-Heptanone,25611.0,compound,food
1289,2-Ethyl-5-Methylpyrazine,25915.0,compound,food
1290,"3-Ethyl-2,5-dimethylpyrazine",25916.0,compound,food
1291,3-Carene,26049.0,compound,food
1292,"2,2,4,6,6-Pentamethylheptane",26058.0,compound,food
1293,"5-Methylhexane-2,3-dione",26204.0,compound,food
1294,2-Ethylpyrazine,26331.0,compound,food
1295,2-Ethyl-6-Methylpyrazine,26332.0,compound,food
1296,2-Isobutyl-3-Methylpyrazine,26333.0,compound,food
1297,"2-Ethyl-3,5-Dimethylpyrazine",26334.0,compound,food
1298,2-Methyl-5-Vinylpyrazine,26335.0,compound,food
1299,Menthone,26447.0,compound,food
1300,"2,3,5-Trimethylpyrazine",26808.0,compound,food
1301,beta-Bisabolol,27208.0,compound,food
1302,"4,4,7a-Trimethyl-5,6,7,7a-tetrahydrobenzofuran-2(4H)-one",27209.0,compound,food
1303,2-Ethyl-4-Methylthiazole,27440.0,compound,food
1304,2-Ethyl-3-Methylpyrazine,27457.0,compound,food
1305,"2,3-Diethylpyrazine",27458.0,compound,food
1306,"5-Ethyl-2,3-dimethylpyrazine",27460.0,compound,food
1307,Rose_oxide,27866.0,compound,food
1308,Menthyl_acetate,27867.0,compound,food
1309,"2,3-Diethyl-5-Methylpyrazine",28905.0,compound,food
1310,"3,5-Diethyl-2-Methylpyrazine",28906.0,compound,food
1311,alpha-Fenchene,28930.0,compound,food
1312,"2,4,5-Trimethyloxazole",30215.0,compound,food
1313,Dihydrocarvyl_acetate,30248.0,compound,food
1314,Acetylpyrazine,30914.0,compound,food
1315,122-40-7,31209.0,compound,food
1316,Vanillylacetone,31211.0,compound,food
1317,Benzyl_Propionate,31219.0,compound,food
1318,2-Phenylethyl_propionate,31225.0,compound,food
1319,3-Phenylpropyl_acetate,31226.0,compound,food
1320,4-Methoxyphenylacetone,31231.0,compound,food
1321,3-Phenylpropan-1-ol,31234.0,compound,food
1322,4-Ethylphenol,31242.0,compound,food
1323,4-Methoxybenzaldehyde,31244.0,compound,food
1324,2-Methylpentanal,31245.0,compound,food
1325,4-Heptanone,31246.0,compound,food
1326,Diethyl_Succinate,31249.0,compound,food
1327,Ethyl_Nonanoate,31251.0,compound,food
1328,"2,5-Dimethylpyrazine",31252.0,compound,food
1329,Myrcene,31253.0,compound,food
1330,3-Methyl-1-butanol,31260.0,compound,food
1331,Ethyl_caproate,31265.0,compound,food
1332,Allyl_hexanoate,31266.0,compound,food
1333,Pyrrolidine,31268.0,compound,food
1334,Butyl_acetate,31272.0,compound,food
1335,Isoamyl_Acetate,31276.0,compound,food
1336,Butyl_Stearate,31278.0,compound,food
1337,Ethyl_tetradecanoate,31283.0,compound,food
1338,Methyl_tetradecanoate,31284.0,compound,food
1339,Nonanal,31289.0,compound,food
1340,Tetradecanal,31291.0,compound,food
1341,Linalyl_benzoate,31353.0,compound,food
1342,"2,6-Di-tert-butyl-4-methylphenol",31404.0,compound,food
1343,Nopol,31408.0,compound,food
1344,"2,4,5-Trimethyl-3-Oxazoline",31492.0,compound,food
1345,"3,5-Dimethyl-1,2,4-Trithiolane",32033.0,compound,food
1346,23747-48-0,32065.0,compound,food
1347,2-Acetyl-3-Methylpyrazine,32093.0,compound,food
1348,2-Isobutyl-3-Methoxypyrazine,32594.0,compound,food
1349,L-glutamic_acid,33032.0,compound,food
1350,2-Ethyl-3-Methoxypyrazine,33135.0,compound,food
1351,2-Isopropyl-3-Methoxypyrazine,33166.0,compound,food
1352,2-Ethyl-4-hydroxy-5-methyl-3(2H)-furanone,33931.0,compound,food
1353,Diisooctyl_phthalate,33934.0,compound,food
1354,6-Pentyl-2H-pyran-2-one,33960.0,compound,food
1355,"2,6-Nonadien-1-ol",34134.0,compound,food
1356,2-Methyl-3-furanthiol,34286.0,compound,food
1357,Isopulegone,34645.0,compound,food
1358,Ethyl_Propyl_Disulfide,35349.0,compound,food
1359,Dihydro-alpha-ionone,35821.0,compound,food
1360,"2,5-Diethyl-3-Methylpyrazine",36225.0,compound,food
1361,"5,6,7,8-Tetrahydroquinoxaline",36822.0,compound,food
1362,"3,6-Nonadien-1-ol",42011.0,compound,food
1363,2-Pentyl_butyrate,43263.0,compound,food
1364,Bornyl_Isovalerate,60968.0,compound,food
1365,Ethyl_4-methoxybenzoate,60979.0,compound,food
1366,"2,3-Heptanedione",60983.0,compound,food
1367,"(2,2-Dimethoxyethyl)benzene",60995.0,compound,food
1368,Isobutyl_phenylacetate,60998.0,compound,food
1369,4-(4-Methoxyphenyl)-2-butanone,61007.0,compound,food
1370,Butyl_laurate,61015.0,compound,food
1371,"2,6-Dimethyl-5-heptenal",61016.0,compound,food
1372,3-Methyl-2-butenal,61020.0,compound,food
1373,Octyl_isobutyrate,61024.0,compound,food
1374,Octyl_butyrate,61030.0,compound,food
1375,2-Methylundecanal,61031.0,compound,food
1376,Linalyl_formate,61040.0,compound,food
1377,Safranal,61041.0,compound,food
1378,Isobutyl_benzoate,61048.0,compound,food
1379,3-Phenylpropyl_propionate,61052.0,compound,food
1380,4-Methoxybenzyl_formate,61054.0,compound,food
1381,Octyl_propionate,61096.0,compound,food
1382,Linalyl_propionate,61098.0,compound,food
1383,"2,6,6-Trimethyl-1-cyclohexene-1-acetaldehyde",61124.0,compound,food
1384,beta-Caryophyllene_alcohol,61125.0,compound,food
1385,Verbenol,61126.0,compound,food
1386,Myrtenal,61130.0,compound,food
1387,Benzyl_butyl_ether,61134.0,compound,food
1388,2-methylpropyl_but-2-enoate,61135.0,compound,food
1389,Butyl_pentanoate,61137.0,compound,food
1390,Methyl_2-methoxybenzoate,61151.0,compound,food
1391,2-Methoxystyrene,61153.0,compound,food
1392,2-Methoxyphenyl_acetate,61155.0,compound,food
1393,Furfuryl_propionate,61166.0,compound,food
1394,S-Ethyl_ethanethioate,61171.0,compound,food
1395,Hexyl_formate,61177.0,compound,food
1396,Isopropyl_butyrate,61184.0,compound,food
1397,Amyl_octanoate,61185.0,compound,food
1398,698-10-2,61199.0,compound,food
1399,1-Phenyl-2-pentanol,61202.0,compound,food
1400,delta-Undecalactone,61204.0,compound,food
1401,Farnesylacetone,61206.0,compound,food
1402,"3-Methylcyclopentane-1,2-dione",61209.0,compound,food
1403,3-Nonanone,61235.0,compound,food
1404,2-Acetyl-1-methylpyrrole,61240.0,compound,food
1405,Tetrahydrothiophen-3-one,61252.0,compound,food
1406,2-Propionylpyrrole,61260.0,compound,food
1407,2-(Methylthio)phenol,61261.0,compound,food
1408,Myrtenyl_acetate,61262.0,compound,food
1409,Nerol_oxide,61275.0,compound,food
1410,Methyl_citronellate,61290.0,compound,food
1411,Ethyl_3-hydroxyhexanoate,61293.0,compound,food
1412,S-Propyl_thioacetate,61295.0,compound,food
1413,2-Pentadecanone,61303.0,compound,food
1414,Heptyl_2-methylpropanoate,61304.0,compound,food
1415,4077-47-8,61325.0,compound,food
1416,4166-20-5,61334.0,compound,food
1417,1-Octen-3-One,61346.0,compound,food
1418,Butylphthalide,61361.0,compound,food
1419,d-Piperitone,61362.0,compound,food
1420,2-Phenylethyl_hexanoate,61384.0,compound,food
1421,Isoamyl_laurate,61386.0,compound,food
1422,"3,4-Dimethoxystyrene",61400.0,compound,food
1423,Ethyl_3-(2-furyl)propionate,61450.0,compound,food
1424,Hexyl_isovalerate,61455.0,compound,food
1425,D-Lactic_acid,61503.0,compound,food
1426,"3-Acetyl-2,5-dimethylfuran",61527.0,compound,food
1427,Celestolide,61585.0,compound,food
1428,4-(Ethoxymethyl)-2-methoxyphenol,61586.0,compound,food
1429,Ethyl_3-(methylthio)propionate,61592.0,compound,food
1430,"3,4-Dimethyl-1,2-cyclopentanedione",61633.0,compound,food
1431,13494-07-0,61634.0,compound,food
1432,Methyl_3-(methylthio)propionate,61641.0,compound,food
1433,"2,4,5-Trimethylthiazole",61653.0,compound,food
1434,1-(Methylthio)-2-butanone,61656.0,compound,food
1435,2-Methyl-5-(methylthio)furan,61657.0,compound,food
1436,Furfuryl_isovalerate,61658.0,compound,food
1437,Difurfuryl_sulfide,61659.0,compound,food
1438,S-Furfuryl_thioacetate,61660.0,compound,food
1439,2-(Methoxymethyl)furan,61661.0,compound,food
1440,S-Methyl_2-furancarbothioate,61662.0,compound,food
1441,13679-70-4,61663.0,compound,food
1442,13679-85-1,61664.0,compound,food
1443,13679-86-2,61665.0,compound,food
1444,5-Methylquinoxaline,61670.0,compound,food
1445,2-Isopropyl-5-methylpyrazine,61700.0,compound,food
1446,4-Ethylsyringol,61712.0,compound,food
1447,3-Isobutylpyridine,61715.0,compound,food
1448,9-Decenoic_acid,61743.0,compound,food
1449,Perillyl_acetate,61780.0,compound,food
1450,Limonen-10-yl_acetate,61781.0,compound,food
1451,2-Isopropyl-4-methylthiazole,61808.0,compound,food
1452,Butyl_2-methylbutyrate,61812.0,compound,food
1453,"2,4-Dimethylbenzaldehyde",61814.0,compound,food
1454,4-Ethyloctanoic_acid,61840.0,compound,food
1455,Octadienal,61874.0,compound,food
1456,Dec-4-enal,61875.0,compound,food
1457,2-Acetyl-3-ethylpyrazine,61918.0,compound,food
1458,4-Methylthio-2-butanone,61922.0,compound,food
1459,Allyl_Methyl_Trisulfide,61926.0,compound,food
1460,Piperitenone_oxide,61942.0,compound,food
1461,Theaspirane,61953.0,compound,food
1462,furan-2-ylmethyl_pentanoate,61955.0,compound,food
1463,2-Acetyl-1-ethylpyrrole,61988.0,compound,food
1464,4-Methylnonanoic_acid,62003.0,compound,food
1465,"2-Ethyl-4,5-dimethyloxazole",62069.0,compound,food
1466,4-Methyloctanoic_acid,62089.0,compound,food
1467,p-Tolyl_isovalerate,62092.0,compound,food
1468,"2,5-Dimethyl-1,4-dithiane-2,5-diol",62105.0,compound,food
1469,56424-87-4,62117.0,compound,food
1470,2-Methyl-3-tetrahydrofuranthiol,62128.0,compound,food
1471,Furfuryl_methyl_disulfide,62131.0,compound,food
1472,Linalyl_butyrate,62321.0,compound,food
1473,Terpinyl_propionate,62328.0,compound,food
1474,1-Phenylethyl_acetate,62341.0,compound,food
1475,p-Menthan-2-ol,62350.0,compound,food
1476,3-(Methylthio)propyl_isothiocyanate,62351.0,compound,food
1477,Sabinene_hydrate,62367.0,compound,food
1478,1125-21-9,62374.0,compound,food
1479,Benzaldehyde_dimethyl_acetal,62375.0,compound,food
1480,Dihydrojasmone,62378.0,compound,food
1481,"2,2,4-Trimethyl-1,3-dioxolane",62384.0,compound,food
1482,1195-32-0,62385.0,compound,food
1483,2-Pentanethiol,62424.0,compound,food
1484,Pentyl_valerate,62433.0,compound,food
1485,Allyl_Methyl_Disulfide,62434.0,compound,food
1486,S-Methyl_thiobutyrate,62444.0,compound,food
1487,2-Methylbutyl_isovalerate,62445.0,compound,food
1488,4-Vinylphenol,62453.0,compound,food
1489,4-Ethyl-2-methoxyphenol,62465.0,compound,food
1490,3-Hydroxy-2-Pentanone,62484.0,compound,food
1491,"4,5-Dimethylthiazole",62510.0,compound,food
1492,"3,4-Hexanedione",62539.0,compound,food
1493,Ethyl_3-hydroxybutyrate,62572.0,compound,food
1494,Heptyl_butyrate,62592.0,compound,food
1495,tridec-2-enal,62653.0,compound,food
1496,2-Isobutylthiazole,62725.0,compound,food
1497,28664-35-9,62835.0,compound,food
1498,Isopropenylpyrazine,62897.0,compound,food
1499,Whiskey_lactone,62900.0,compound,food
1500,Octyl_2-furoate,62901.0,compound,food
1501,"2,5-Diethyltetrahydrofuran",62913.0,compound,food
1502,Borneol,64685.0,compound,food
1503,(-)-Epigallocatechin_gallate,65064.0,compound,food
1504,Gallocatechin,65084.0,compound,food
1505,Ginkgolide_B,65243.0,compound,food
1506,S-Methyl_2-methylbutanethioate,65285.0,compound,food
1507,"4-Acetyl-1,4-dimethyl-1-cyclohexene",65289.0,compound,food
1508,3-(Methylthio)-1-hexanol,65413.0,compound,food
1509,Methyl_4-(methylthio)butyrate,65425.0,compound,food
1510,5-Ethyl-2-hydroxy-3-methylcyclopent-2-en-1-one,65427.0,compound,food
1511,6-Hydroxydihydrotheaspirane,65428.0,compound,food
1512,Cedrol,65575.0,compound,food
1513,Verbenone,65724.0,compound,food
1514,Valerophenone,66093.0,compound,food
1515,Allyl_methyl_sulfide,66282.0,compound,food
1516,Xanthoxylin,66654.0,compound,food
1517,Octyl_benzoate,66751.0,compound,food
1518,(+)-Linalool,67179.0,compound,food
1519,"1,2,3,5,6-Pentathiepane",67521.0,compound,food
1520,Tangeretin,68077.0,compound,food
1521,Chavicol,68148.0,compound,food
1522,Perillen,68316.0,compound,food
1523,Artemisia_ketone,68346.0,compound,food
1524,Isobutyl_isothiocyanate,68960.0,compound,food
1525,2-Propylpyridine,69320.0,compound,food
1526,Pentyl_isothiocyanate,69415.0,compound,food
1527,2-Hydroxy-4-methoxybenzaldehyde,69600.0,compound,food
1528,Allyl_thiocyanate,69816.0,compound,food
1529,5-Hexen-1-ol,69963.0,compound,food
1530,(+)-Isomenthone,70962.0,compound,food
1531,(-)-Epicatechin,72276.0,compound,food
1532,(-)-Epigallocatechin,72277.0,compound,food
1533,Isoflavone,72304.0,compound,food
1534,Nobiletin,72344.0,compound,food
1535,S-Methyl_thioacetate,73750.0,compound,food
1536,Isopropyl_isothiocyanate,75263.0,compound,food
1537,(R)-(+)-Citronellal,75427.0,compound,food
1538,S-Methyl_hexanethioate,75515.0,compound,food
1539,Diallyl_tetrasulfide,75552.0,compound,food
1540,3-Butenyl_isothiocyanate,76922.0,compound,food
1541,"2,5-Dimethylthiazole",77837.0,compound,food
1542,2-Vinylpyrazine,77840.0,compound,food
1543,Diisopropyl_disulfide,77932.0,compound,food
1544,Hexyl_isothiocyanate,78120.0,compound,food
1545,sec-Butyl_isothiocyanate,78151.0,compound,food
1546,Heptyl_isothiocyanate,78152.0,compound,food
1547,Erucin,78160.0,compound,food
1548,Ethyl_(methylthio)acetate,78199.0,compound,food
1549,3-Methyl-3-butenyl_acetate,78879.0,compound,food
1550,2-(Methylthio)ethanol,78925.0,compound,food
1551,Diosphenol,79023.0,compound,food
1552,3-Methylbutyl_isothiocyanate,79086.0,compound,food
1553,1-Pyrroline,79803.0,compound,food
1554,"Tetrasulfide,_dimethyl",79828.0,compound,food
1555,"4-Ethyl-1,2-dimethoxybenzene",79990.0,compound,food
1556,Diisopropyl_trisulfide,80046.0,compound,food
1557,Carvacryl_methyl_ether,80790.0,compound,food
1558,"2,4-Dimethylanisole",81221.0,compound,food
1559,2-Phenylethyl_pentanoate,81964.0,compound,food
1560,7785-70-8,82227.0,compound,food
1561,l-alpha-Fenchone,82229.0,compound,food
1562,Methyl_2-(dimethylamino)benzoate,82336.0,compound,food
1563,13002-09-0,83036.0,compound,food
1564,Methyl_phenyl_disulfide,84234.0,compound,food
1565,Isopinocamphone,84532.0,compound,food
1566,rosefuran,84825.0,compound,food
1567,2-Ethylthiazole,85053.0,compound,food
1568,3-(Methylthio)propyl_acetate,85519.0,compound,food
1569,Methyl_(methylthio)acetate,85522.0,compound,food
1570,Naringen,85704.0,compound,food
1571,14400-67-0,85730.0,compound,food
1572,alpha-Bisabolene,86597.0,compound,food
1573,alpha-Bergamotene,86608.0,compound,food
1574,.alpha.-Cubebene,86609.0,compound,food
1575,4-Menthen-8-ol,86752.0,compound,food
1576,p-Menth-1-en-9-ol,86753.0,compound,food
1577,2-methyl-3-[4-(propan-2-yl)cyclohex-1-en-1-yl]propanal,86818.0,compound,food
1578,4-Pentenyl_isothiocyanate,87436.0,compound,food
1579,2-Propylpyrazine,87466.0,compound,food
1580,2-Hexylthiophene,87793.0,compound,food
1581,19872-52-7,88290.0,compound,food
1582,Hexyl_propionate,88454.0,compound,food
1583,Galegine_sulfate,88460.0,compound,food
1584,2-Bornyl_propionate,89306.0,compound,food
1585,"Cyclohexene,_4-ethenyl-4-methyl-3-(1-methylethenyl)-1-(1-methylethyl)-,_(3R-trans)-",89316.0,compound,food
1586,dl-Codamine,89421.0,compound,food
1587,nicotine,89594.0,compound,food
1588,S-Methyl_3-methylbutanethioate,90246.0,compound,food
1589,Aromadendrene,91354.0,compound,food
1590,beta-Eudesmol,91457.0,compound,food
1591,"Limonene_1,2-epoxide",91496.0,compound,food
1592,"(4R,4aR)-1,1,4,7-tetramethyl-1a,2,3,4,4a,5,6,7b-octahydrocyclopropa[e]azulene",92116.0,compound,food
1593,Elemol,92138.0,compound,food
1594,Curcumene,92139.0,compound,food
1595,(+)-Camphene,92221.0,compound,food
1596,(-)-gamma-cadinene,92313.0,compound,food
1597,Crypton,92780.0,compound,food
1598,Prunin,92794.0,compound,food
1599,beta-Cubebene,93081.0,compound,food
1600,"2,3,5-Trithiahexane",93236.0,compound,food
1601,58461-27-1,94060.0,compound,food
1602,Santalene,94164.0,compound,food
1603,"(1aR,4S,4aS,7R,7aS)-1,1,4,7-tetramethyl-2,3,4a,5,6,7,7a,7b-octahydro-1aH-cyclopropa[e]azulen-4-ol",94174.0,compound,food
1604,"p-Menth-8-ene-1,2-diol",94217.0,compound,food
1605,3242-08-8,94254.0,compound,food
1606,Paradol,94378.0,compound,food
1607,Isopulegol_acetate,94579.0,compound,food
1608,"6,10-Dimethyl-2-undecanone",95495.0,compound,food
1609,2-Nonenoic_acid,97730.0,compound,food
1610,Nerolidyl_acetate,98043.0,compound,food
1611,2-amino-3-(prop-2-en-1-ylsulfanyl)propanoic_acid,98280.0,compound,food
1612,Campholenic_aldehyde,98497.0,compound,food
1613,Allyl_propyl_sulfide,98781.0,compound,food
1614,Grosheimin,99967.0,compound,food
1615,4-Isopropenyl-1-methyl-7-oxabicyclo[4.1.0]heptan-2-one,100031.0,compound,food
1616,"2,6,6-trimethyl-2-hydroxycyclohexanone",101115.0,compound,food
1617,Globulol,101716.0,compound,food
1618,cis-Carvyl_acetate,102024.0,compound,food
1619,Lavender_lactone,102550.0,compound,food
1620,6-methyl-2-(oxiran-2-yl)hept-5-en-2-ol,102611.0,compound,food
1621,Pinocarveol,102667.0,compound,food
1622,24851-98-7,102861.0,compound,food
1623,"4,5-Dimethyl-2-propyloxazole",104620.0,compound,food
1624,"1-(3,6-dimethylpyrazin-2-yl)ethanone",104722.0,compound,food
1625,2-isopropyl-6-methoxypyrazine,106441.0,compound,food
1626,"Azulene,_1,2,3,4,5,6,7,8-octahydro-1,4-dimethyl-7-(1-methylethenyl)-,_(1S,4S,7R)-",107152.0,compound,food
1627,3695-24-7,107153.0,compound,food
1628,Fenchyl_acetate,107217.0,compound,food
1629,(-)-piperitone,107561.0,compound,food
1630,L-Lactic_acid,107689.0,compound,food
1631,(-)-Epicatechin_gallate,107905.0,compound,food
1632,Daidzin,107971.0,compound,food
1633,2-Ethyl-1-hexanethiol,110968.0,compound,food
1634,Alpha-Terpinyl_Acetate,111037.0,compound,food
1635,UNII-R1AUQ945JN,111274.0,compound,food
1636,Ginkgolide_A,115221.0,compound,food
1637,valofin,119900.0,compound,food
1638,"2,5-Dimethyl-4-ethyloxazole",121694.0,compound,food
1639,Pinocarvone,121719.0,compound,food
1640,"(1r,4r)-4-isopropyl-1-methylcyclohex-2-en-1-ol",122485.0,compound,food
1641,Ethyl_methyl_disulfide,123388.0,compound,food
1642,Tiglic_Acid,125468.0,compound,food
1643,"1,3-Diphenyl-1-butanone",137065.0,compound,food
1644,Methanedithiol,138818.0,compound,food
1645,1-Phenylethanethiol,141850.0,compound,food
1646,Phytol,145386.0,compound,food
1647,Sinensetin,145659.0,compound,food
1648,Prenylthiol,146586.0,compound,food
1649,2-(4-Methoxyphenoxy)propanoic_acid,151199.0,compound,food
1650,Lilac_aldehyde,155007.0,compound,food
1651,D-Camphor,159055.0,compound,food
1652,Cedrelanol,160799.0,compound,food
1653,Ginkgolide_C,161120.0,compound,food
1654,"2,4-Dimethyl-5-ethylthiazole",162293.0,compound,food
1655,9-Decenal,162392.0,compound,food
1656,1-Isothiocyanato-6-(methylthio)hexane,165224.0,compound,food
1657,2-Acetyl-2-thiazoline,169110.0,compound,food
1658,Isopulegol,170833.0,compound,food
1659,Sedanenolide,173843.0,compound,food
1660,"p-Mentha-1,3,8-triene",176983.0,compound,food
1661,Saupirin,181128.0,compound,food
1662,6-isothiocyanatohex-1-ene,184852.0,compound,food
1663,28374-89-2,185635.0,compound,food
1664,Berteroin,206037.0,compound,food
1665,5-Hydroxyoctan-4-one,219794.0,compound,food
1666,L-Menthyl_acetate,220674.0,compound,food
1667,Hexyl_phenylacetate,221691.0,compound,food
1668,Erythritol,222285.0,compound,food
1669,L-Malic_acid,222656.0,compound,food
1670,"4-Allyl-2,6-dimethoxyphenol",226486.0,compound,food
1671,Guaiol,227829.0,compound,food
1672,"4,4-Dimethoxy-2-butanone",228548.0,compound,food
1673,2-Furylacetone,228583.0,compound,food
1674,Octyl_isovalerate,228769.0,compound,food
1675,Propyl_heptanoate,229377.0,compound,food
1676,Decyl_butyrate,229387.0,compound,food
1677,2-Phenylethyl_octanoate,229888.0,compound,food
1678,1-(furan-2-yl)pentan-1-one,231325.0,compound,food
1679,MLS002607979,235284.0,compound,food
1680,Oxacyclohexadecan-2-one,235414.0,compound,food
1681,5-Hydroxymethylfurfural,237332.0,compound,food
1682,"5,7-Dihydroxyflavanone",238782.0,compound,food
1683,"2,6-Dimethoxy-4-methylphenol",240925.0,compound,food
1684,Cyclohexyl_butyrate,243783.0,compound,food
1685,3-Octanone,246728.0,compound,food
1686,Isobornyl_acetate,247573.0,compound,food
1687,"3,7-Dimethyloctane-1,7-diol",249494.0,compound,food
1688,Benzyl_tiglate,250096.0,compound,food
1689,alpha-Thujone,261491.0,compound,food
1690,Difurfuryl_ether,263034.0,compound,food
1691,ethyl_3-acetoxy-2-methylbutanoate,263620.0,compound,food
1692,noscapine,275196.0,compound,food
1693,"Carotol,_(+)-",287687.0,compound,food
1694,Valencen,288227.0,compound,food
1695,Longifolene,289151.0,compound,food
1696,.beta.-Bourbonene,324224.0,compound,food
1697,Nomilin,326240.0,compound,food
1698,Menthofuran,329983.0,compound,food
1699,(-)-cis-Carveol,330573.0,compound,food
1700,Oxycanthine,371257.0,compound,food
1701,Piperitenone,381152.0,compound,food
1702,Curcumenol,387977.0,compound,food
1703,CHEBI:49249,403919.0,compound,food
1704,Ethyl_Crotonate,429065.0,compound,food
1705,naringenin,439246.0,compound,food
1706,(-)-Limonene,439250.0,compound,food
1707,(+)-Neomenthol,439263.0,compound,food
1708,alpha-Maltose,439341.0,compound,food
1709,Taxifolin,439533.0,compound,food
1710,(-)-Carvone,439570.0,compound,food
1711,D-Limonene,440917.0,compound,food
1712,arbutin,440936.0,compound,food
1713,(-)-beta-Pinene,440967.0,compound,food
1714,(-)-alpha-Pinene,440968.0,compound,food
1715,(+)-delta-Cadinene,441005.0,compound,food
1716,alpha-L-Sorbopyranose,441484.0,compound,food
1717,carnosol,442009.0,compound,food
1718,Levomenol,442343.0,compound,food
1719,AC1L9CNW,442355.0,compound,food
1720,5986-55-0,442384.0,compound,food
1721,Beta-Selinene,442393.0,compound,food
1722,naringin,442428.0,compound,food
1723,Carvone_oxide,442462.0,compound,food
1724,(R)-(-)-alpha-Phellandrene,442482.0,compound,food
1725,(+)-Pulegone,442495.0,compound,food
1726,(+)-alpha-Terpineol,442501.0,compound,food
1727,(+)-3-Carene,443156.0,compound,food
1728,(-)-Linalool,443158.0,compound,food
1729,(+)-alpha-phellandrene,443160.0,compound,food
1730,(-)-alpha-Terpineol,443162.0,compound,food
1731,(+)-isodihydrocarvone,443167.0,compound,food
1732,trans-Aconitic_acid,444212.0,compound,food
1733,Cinnamic_Acid,444539.0,compound,food
1734,farnesol,445070.0,compound,food
1735,resveratrol,445154.0,compound,food
1736,oleic_acid,445639.0,compound,food
1737,Lycopene,446925.0,compound,food
1738,2-Nonen-4-one,448996.0,compound,food
1739,(+)-trans-Limonene_oxide,449290.0,compound,food
1740,Isoxanthohumol,513197.0,compound,food
1741,103-95-7,517827.0,compound,food
1742,Bornyl_formate,518472.0,compound,food
1743,"2,5-Diethyl-4-methylthiazole",518856.0,compound,food
1744,Furfuryl_methyl_sulfide,518937.0,compound,food
1745,3-Decanol,519158.0,compound,food
1746,"(5xi,7xi,10xi)-eudesma-4(14),11-diene",519361.0,compound,food
1747,Dihydro-beta-ionone,519382.0,compound,food
1748,2-sec-Butylthiazole,519539.0,compound,food
1749,l-.alpha.-Cadinol,519662.0,compound,food
1750,5-Ethyl-2-methylthiazole,519732.0,compound,food
1751,.beta.-Sesquiphellandrene,519764.0,compound,food
1752,Isopentyl_isobutyrate,519786.0,compound,food
1753,Methyl_3-hydroxyhexanoate,519845.0,compound,food
1754,Cubenol,519857.0,compound,food
1755,Methyl_2-methylpentanoate,519890.0,compound,food
1756,24168-70-5,520098.0,compound,food
1757,2-Acetylthiazole,520108.0,compound,food
1758,1-Mercapto-2-propanone,520144.0,compound,food
1759,Phenethyl_2-methylbutyrate,520148.0,compound,food
1760,delta-Tetradecalactone,520296.0,compound,food
1761,3-Methylbutyl_2-methylbutanoate,520326.0,compound,food
1762,1-p-Menthen-9-al,520440.0,compound,food
1763,Octyl_2-methylbutyrate,520455.0,compound,food
1764,3-Mercapto-3-methyl-1-butanol,520682.0,compound,food
1765,"3,5-Diethyl-1,2,4-trithiolane",520895.0,compound,food
1766,"4,8-Methanoazulen-9-ol,_decahydro-2,2,4,8-tetramethyl-,_stereoisomer",521185.0,compound,food
1767,3-Octyl_acetate,521238.0,compound,food
1768,3-oxobutan-2-yl_acetate,521246.0,compound,food
1769,(-)-Zingiberene,521253.0,compound,food
1770,1-Hydroxybutan-2-one,521300.0,compound,food
1771,STK020088,521332.0,compound,food
1772,gamma-Selinene,521334.0,compound,food
1773,"Naphthalene,_1,2,4a,5,8,8a-hexahydro-4,7-dimethyl-1-(1-methylethyl)-",521380.0,compound,food
1774,S-Methyl_propanethioate,521869.0,compound,food
1775,"2-Furanmethanethiol,_5-methyl-",521873.0,compound,food
1776,2-heptanethiol,522071.0,compound,food
1777,Isopropyl_2-methylbutyrate,522214.0,compound,food
1778,Spathulenol,522266.0,compound,food
1779,Butyl_propyl_disulfide,522458.0,compound,food
1780,Methyl_pentyl_disulfide,522459.0,compound,food
1781,Linaloyl_oxide,522514.0,compound,food
1782,Isoamyl_nonanoate,522676.0,compound,food
1783,"2,3-Dehydro-1,8-cineole",523035.0,compound,food
1784,"2,6-Dimethoxy-4-propylphenol",524975.0,compound,food
1785,ethyl_methyl_trisulfide,525358.0,compound,food
1786,Methyl_5-acetoxyhexanoate,526152.0,compound,food
1787,4-Methoxy-2-methyl-2-butanethiol,526195.0,compound,food
1788,3-Mercapto-3-methylbutyl_formate,526487.0,compound,food
1789,Bis(2-methyl-3-furyl)disulfide,526624.0,compound,food
1790,"1,3-p-Menthadien-7-al",526762.0,compound,food
1791,"1-(3,4-dihydro-2H-1,4-thiazin-5-yl)ethanone",526853.0,compound,food
1792,P-Menth-1-en-9-yl_acetate,527144.0,compound,food
1793,3-Mercapto-2-methylpentanal,527435.0,compound,food
1794,42348-12-9,528698.0,compound,food
1795,.alpha.-Calacorene,528708.0,compound,food
1796,101517-87-7,529056.0,compound,food
1797,2-propionyl-1-pyrroline,529251.0,compound,food
1798,Acetoyl_butyrate,529253.0,compound,food
1799,UNII-H5E892YJGG,529388.0,compound,food
1800,"3-methylnonane-2,4-dione",529481.0,compound,food
1801,2-Heptyl_butanoate,529496.0,compound,food
1802,"5,6-dimethyloxan-2-one",544628.0,compound,food
1803,Ethyl_3-methylpentanoate,560255.0,compound,food
1804,Menthyl_isovalerate,565690.0,compound,food
1805,1-Phenylethyl_isobutyrate,569214.0,compound,food
1806,"2-isobutyl-4,5-dimethyloxazole",574068.0,compound,food
1807,Dehydrodihydroionone,577126.0,compound,food
1808,"3,5-Dimethyl-2-isobutylpyrazine",578817.0,compound,food
1809,Dihydro-beta-ionol,579336.0,compound,food
1810,Dill_ether,586292.0,compound,food
1811,"4-Methyl-2-phenyl-1,3-dioxolane",595928.0,compound,food
1812,"2,6-Nonadienal",636687.0,compound,food
1813,cinnamaldehyde,637511.0,compound,food
1814,Methyl_cinnamate,637520.0,compound,food
1815,p-coumaric_acid,637542.0,compound,food
1816,trans-Anethole,637563.0,compound,food
1817,"2,4-Hexadienal",637564.0,compound,food
1818,Geraniol,637566.0,compound,food
1819,Ethyl_Cinnamate,637758.0,compound,food
1820,Benzalacetone,637759.0,compound,food
1821,Sinapic_Acid,637775.0,compound,food
1822,Methylisoeugenol,637776.0,compound,food
1823,Methyl_propenyl_ketone,637920.0,compound,food
1824,Citral,638011.0,compound,food
1825,Beta-Ionone,638014.0,compound,food
1826,piperine,638024.0,compound,food
1827,2-Pentenoic_Acid,638122.0,compound,food
1828,isoliquiritigenin,638278.0,compound,food
1829,Farnesyl_acetate,638500.0,compound,food
1830,Xanthohumol,639665.0,compound,food
1831,4-Hexen-1-Ol,641248.0,compound,food
1832,"2,4-Hexadien-1-Ol",641256.0,compound,food
1833,4-Methoxycinnamaldehyde,641294.0,compound,food
1834,2-Methoxycinnamaldehyde,641298.0,compound,food
1835,4-Methyl-2-pentenoic_acid,642039.0,compound,food
1836,Butylidenephthalide,642376.0,compound,food
1837,UNII-847O2V0IOA,642793.0,compound,food
1838,(-)-Mintlactone,642875.0,compound,food
1839,3-Hexenal,643139.0,compound,food
1840,Violet_leaf_aldehyde,643731.0,compound,food
1841,cis-Aconitic_acid,643757.0,compound,food
1842,Neral,643779.0,compound,food
1843,nerol,643820.0,compound,food
1844,Angelic_acid,643915.0,compound,food
1845,cis-3-Hexenal,643941.0,compound,food
1846,cis-Crotonaldehyde,643950.0,compound,food
1847,CID_644104,644104.0,compound,food
1848,AC1LCV7P,656566.0,compound,food
1849,AC1LDI49,667450.0,compound,food
1850,623-15-4,735940.0,compound,food
1851,Isobutyl_cinnamate,778574.0,compound,food
1852,Isoeugenol,853433.0,compound,food
1853,(-)-Borneol,1201518.0,compound,food
1854,D-Fenchone,1201521.0,compound,food
1855,Nootkatone,1268142.0,compound,food
1856,Capsaicin,1548943.0,compound,food
1857,cis-Jasmone,1549018.0,compound,food
1858,Neryl_acetate,1549025.0,compound,food
1859,Geranyl_Acetate,1549026.0,compound,food
1860,cis-Anethole,1549040.0,compound,food
1861,cis-Isoeugenol,1549041.0,compound,food
1862,cis-Methylisoeugenol,1549045.0,compound,food
1863,3-(2-Furyl)acrolein,1549521.0,compound,food
1864,Geranylacetone,1549778.0,compound,food
1865,Ethyl_Sorbate,1550470.0,compound,food
1866,Cinnamonitrile,1550846.0,compound,food
1867,Hexyl_cinnamic_aldehyde,1550884.0,compound,food
1868,23726-92-3,1616260.0,compound,food
1869,UNII-3KCT4WMT7E,1711944.0,compound,food
1870,Farnesyl_acetone,1711945.0,compound,food
1871,Nerylacetone,1713001.0,compound,food
1872,Caryophyllene_oxide,1742211.0,compound,food
1873,trans-2-Hexenyl_acetate,2733294.0,compound,food
1874,"2,3-Dimethylbenzofuran",2734646.0,compound,food
1875,"2,5-dimethylthiophene-3-carbaldehyde",2762759.0,compound,food
1876,"2,5-Dimethyl-4-ethoxy-3(2H)-furanone",3017596.0,compound,food
1877,80417-97-6,3018936.0,compound,food
1878,Bisabolene,3033866.0,compound,food
1879,T-Muurolol,3084331.0,compound,food
1880,"3-Methylcyclohexane-1,2-dione",3321360.0,compound,food
1881,STK737742,3648225.0,compound,food
1882,489-53-2,3819217.0,compound,food
1883,19322-27-1,4564493.0,compound,food
1884,Sedanolide,5018391.0,compound,food
1885,Isopentyl_cinnamate,5273467.0,compound,food
1886,Geranic_Acid,5275520.0,compound,food
1887,5-hydroxy-1-(4-hydroxy-3-methoxyphenyl)tetradecan-3-one,5275726.0,compound,food
1888,quercetin,5280343.0,compound,food
1889,Phytol,5280435.0,compound,food
1890,apigenin,5280443.0,compound,food
1891,luteolin,5280445.0,compound,food
1892,Vomifoliol,5280462.0,compound,food
1893,(Z)-cinnamyl_alcohol,5280511.0,compound,food
1894,Farnesal,5280598.0,compound,food
1895,Chrysoeriol,5280666.0,compound,food
1896,Isoquercitrin,5280804.0,compound,food
1897,kaempferol,5280863.0,compound,food
1898,3025-30-7,5281162.0,compound,food
1899,Ethyl_tiglate,5281163.0,compound,food
1900,(Z)-Hex-3-en-1-ol,5281167.0,compound,food
1901,trans-2-Hexenal,5281168.0,compound,food
1902,butein,5281222.0,compound,food
1903,Harmane,5281404.0,compound,food
1904,Beta-Caryophyllene,5281515.0,compound,food
1905,alpha-Farnesene,5281516.0,compound,food
1906,(E)-beta-farnesene,5281517.0,compound,food
1907,Humulene,5281520.0,compound,food
1908,Alpha-Sinensal,5281534.0,compound,food
1909,beta-Sinensal,5281535.0,compound,food
1910,Oleuropein,5281544.0,compound,food
1911,Ocimene,5281553.0,compound,food
1912,chrysin,5281607.0,compound,food
1913,"3,7,4'-Trihydroxyflavone",5281611.0,compound,food
1914,Fisetin,5281614.0,compound,food
1915,Genkwanin,5281617.0,compound,food
1916,Isorhamnetin,5281654.0,compound,food
1917,morin,5281670.0,compound,food
1918,Quercetagetin,5281680.0,compound,food
1919,Scutellarein,5281697.0,compound,food
1920,Tricetin,5281701.0,compound,food
1921,Coumestrol,5281707.0,compound,food
1922,daidzein,5281708.0,compound,food
1923,Prunetin,5281804.0,compound,food
1924,Methyl_jasmonate,5281929.0,compound,food
1925,Alpha-Ionone,5282108.0,compound,food
1926,Geranyl_formate,5282109.0,compound,food
1927,Cinnamyl_acetate,5282110.0,compound,food
1928,Ethyl_Linoleate,5282184.0,compound,food
1929,trans-2-Hexenoic_acid,5282707.0,compound,food
1930,trans-3-Hexenoic_acid,5282708.0,compound,food
1931,2-Decenoic_acid,5282724.0,compound,food
1932,4-Decenoic_acid,5282726.0,compound,food
1933,(E)-Hept-2-enal,5283316.0,compound,food
1934,"trans,trans-2,4-Heptadienal",5283321.0,compound,food
1935,trans-2-Octenal,5283324.0,compound,food
1936,"(2E,4E)-Octa-2,4-dienal",5283329.0,compound,food
1937,trans-2-Nonenal,5283335.0,compound,food
1938,"trans,trans-2,4-Nonadienal",5283339.0,compound,food
1939,trans-2-Decenal,5283345.0,compound,food
1940,"(2E,4E)-deca-2,4-dienal",5283349.0,compound,food
1941,2-Undecenal,5283356.0,compound,food
1942,trans-2-Dodecenal,5283361.0,compound,food
1943,Methyl_Linoleate,5284421.0,compound,food
1944,trans-3-Hexen-1-ol,5284503.0,compound,food
1945,Nerolidol,5284507.0,compound,food
1946,NSC5112,5284639.0,compound,food
1947,(Z)-Ethyl_cinnamate,5284656.0,compound,food
1948,50-69-1,5311110.0,compound,food
1949,AC1NST8Q,5315594.0,compound,food
1950,cinnamyl_alcohol,5315892.0,compound,food
1951,(Z)-Cinnamyl_acetate,5315912.0,compound,food
1952,Falcarindiol,5317309.0,compound,food
1953,beta-cis-farnesene,5317319.0,compound,food
1954,trans-2-Hexen-1-Ol,5318042.0,compound,food
1955,AC1NSWDQ,5318103.0,compound,food
1956,trans-2-Octen-1-Ol,5318599.0,compound,food
1957,Juniper_camphor,5318734.0,compound,food
1958,Methyl_Linolenate,5319706.0,compound,food
1959,2-Methyl-2-Pentenal,5319754.0,compound,food
1960,Methyl_propyl_trisulfide,5319765.0,compound,food
1961,(Z)-Beta-Ocimene,5320250.0,compound,food
1962,Propenyl_propyl_disulfide,5320722.0,compound,food
1963,Tiglic_aldehyde,5321950.0,compound,food
1964,Caryophyllene,5322111.0,compound,food
1965,Methyl_sorbate,5323650.0,compound,food
1966,cis-2-Hexen-1-ol,5324489.0,compound,food
1967,Neryl_butyrate,5352162.0,compound,food
1968,(Z)-4-Hydroxy-6-dodecenoic_acid_lactone,5352428.0,compound,food
1969,(E)-gamma-Bisabolene,5352437.0,compound,food
1970,16491-36-4,5352438.0,compound,food
1971,68698-59-9,5352460.0,compound,food
1972,trans-2-Hexenyl_butyrate,5352461.0,compound,food
1973,2-Hexenyl_propanoate,5352463.0,compound,food
1974,"5,6-Epoxy-beta-ionone",5352481.0,compound,food
1975,41519-23-7,5352539.0,compound,food
1976,cis-3-Hexenyl_hexanoate,5352543.0,compound,food
1977,Jasmine_lactone,5352626.0,compound,food
1978,Ethyl_cis-4-octenoate,5352770.0,compound,food
1979,Methyl_(Z)-oct-4-enoate,5352774.0,compound,food
1980,4-DECENYL_ACETATE_(Z),5352830.0,compound,food
1981,cis-5-Octen-1-ol,5352837.0,compound,food
1982,"3,5-Octadien-2-one",5352876.0,compound,food
1983,"4-Propenyl-2,6-dimethoxyphenol",5352905.0,compound,food
1984,(E)-2-Hexenyl_hexanoate,5352973.0,compound,food
1985,MLS002702988,5353545.0,compound,food
1986,Cucurbitacine_E,5353547.0,compound,food
1987,Allyl_crotonate,5354763.0,compound,food
1988,cis-2-Nonenal,5354833.0,compound,food
1989,Neryl_formate,5354882.0,compound,food
1990,alpha-Methyl_cinnamaldehyde,5354896.0,compound,food
1991,Geranyl_propionate,5355853.0,compound,food
1992,Geranyl_butyrate,5355856.0,compound,food
1993,Peruviol,5356544.0,compound,food
1994,67860-38-2,5362572.0,compound,food
1995,Ethyl_trans-4-decenoate,5362583.0,compound,food
1996,81925-81-7,5362588.0,compound,food
1997,"Propyl_2,4-decadienoate",5362592.0,compound,food
1998,Ethyl_3-Hexenoate,5362622.0,compound,food
1999,2-Isopropyl-5-methyl-2-hexenal,5362661.0,compound,food
2000,cis-6-Nonenal,5362720.0,compound,food
2001,"3-Hexenoic_acid,_methyl_ester",5362782.0,compound,food
2002,cis-6-Nonen-1-ol,5362792.0,compound,food
2003,cis-4-Heptenal,5362814.0,compound,food
2004,Geranyl_isovalerate,5362830.0,compound,food
2005,"trans,cis-2,6-Nonadien-1-ol",5362833.0,compound,food
2006,5-Methyl-3-Hexen-2-One,5363140.0,compound,food
2007,3-Octen-2-One,5363229.0,compound,food
2008,Ethyl_oleate,5363269.0,compound,food
2009,cis-3-Hexenyl_pyruvate,5363291.0,compound,food
2010,cis-3-Hexenyl_acetate,5363388.0,compound,food
2011,Ocimene_quintoxide,5363526.0,compound,food
2012,gamma-Ionone,5363741.0,compound,food
2013,alpha-Ionol,5363817.0,compound,food
2014,4-Methyl-2-phenyl-2-pentenal,5363896.0,compound,food
2015,cis-3-Hexenyl_lactate,5364231.0,compound,food
2016,Ethyl_2-octenoate,5364399.0,compound,food
2017,Methyl_2-Hexenoate,5364409.0,compound,food
2018,Ethyl_elaidate,5364430.0,compound,food
2019,cis-3-Octen-1-ol,5364519.0,compound,food
2020,Methyl_oct-2-enoate,5364532.0,compound,food
2021,3-Hepten-2-One,5364578.0,compound,food
2022,trans-2-Pentenal,5364752.0,compound,food
2023,Ethyl_hex-2-enoate,5364778.0,compound,food
2024,cis-2-Penten-1-ol,5364919.0,compound,food
2025,trans-2-Penten-1-ol,5364920.0,compound,food
2026,trans-2-Nonen-1-ol,5364941.0,compound,food
2027,trans-2-Undecen-1-ol,5365004.0,compound,food
2028,cis-2-Nonen-1-ol,5365027.0,compound,food
2029,cis-3-Hexenyl_propionate,5365049.0,compound,food
2030,53398-85-9,5365069.0,compound,food
2031,cis-3-Hexenyl_formate,5365587.0,compound,food
2032,"3,6-Nonadien-1-ol,_(E,Z)-",5365706.0,compound,food
2033,"1,3-Hexadiene,_3-ethyl-2-methyl-",5365710.0,compound,food
2034,4-Hexen-3-One,5365811.0,compound,food
2035,2-Octen-4-one,5365891.0,compound,food
2036,2-Methyl-2-Pentenoic_Acid,5365909.0,compound,food
2037,Neryl_propionate,5365982.0,compound,food
2038,Neryl_isobutyrate,5365991.0,compound,food
2039,Geranyl_caproate,5365992.0,compound,food
2040,"2-Butenoic_acid,_hexyl_ester",5366038.0,compound,food
2041,Damascenone,5366074.0,compound,food
2042,alpha-Damascone,5366077.0,compound,food
2043,Phytol,5366244.0,compound,food
2044,Hotrienol,5366264.0,compound,food
2045,Acetaldehyde_ethyl_cis-3-hexenyl_acetal,5366352.0,compound,food
2046,"Disulfide,_methyl_1-propenyl",5366552.0,compound,food
2047,Methyl_3-nonenoate,5366844.0,compound,food
2048,"4-Octenoic_acid,_methyl_ester",5366856.0,compound,food
2049,"1,3,5-Undecatriene",5367412.0,compound,food
2050,"(2E,4E)-Dodeca-2,4-dienal",5367530.0,compound,food
2051,"(2E,4E)-Undeca-2,4-dienal",5367531.0,compound,food
2052,cis-3-Hexenyl_isovalerate,5367681.0,compound,food
2053,cis-3-Hexenyl_pentanoate,5367682.0,compound,food
2054,cis-3-Hexenyl_phenylacetate,5367698.0,compound,food
2055,cis-3-Hexenyl_benzoate,5367706.0,compound,food
2056,Methyl_jasmonate,5367719.0,compound,food
2057,Geranyl_tiglate,5367785.0,compound,food
2058,"1-Butene,_1-(methylthio)-,_(E)-",5368103.0,compound,food
2059,3-Oxo-alpha-ionol,5370052.0,compound,food
2060,"6-Methylhepta-3,5-dien-2-one",5370101.0,compound,food
2061,5-Methyl-2-phenyl-2-hexenal,5370602.0,compound,food
2062,alpha-Irone,5371002.0,compound,food
2063,Alpha-Methylcinnamaldehyde,5372813.0,compound,food
2064,cis-Cinnamic_acid,5372954.0,compound,food
2065,3-Propylidenephthalide,5373603.0,compound,food
2066,beta-Ionol,5373729.0,compound,food
2067,beta-Damascone,5374527.0,compound,food
2068,"5,7-Dihydroxyisoflavone",5377381.0,compound,food
2069,(2R)-2-isothiocyanatobutane,5399110.0,compound,food
2070,"methyl_(9E,12Z)-octadeca-9,12-dienoate",5462988.0,compound,food
2071,2-Hepten-4-One,5463238.0,compound,food
2072,"2,4-Decadienoic_acid_methyl_ester",5463485.0,compound,food
2073,"2-Octen-1-ol,_acetate",5463875.0,compound,food
2074,Ethyl_trans-2-decenoate,5463904.0,compound,food
2075,1-Ethoxy-3-methyl-2-butene,5463936.0,compound,food
2076,4-[(Z)-prop-1-enyl]phenol,5791138.0,compound,food
2077,4-Methyl-2-Pentenal,5916154.0,compound,food
2078,"2,4-Pentadienal",5986428.0,compound,food
2079,Angelaldehyde,6028462.0,compound,food
2080,Geranyl_isobutyrate,6086514.0,compound,food
2081,2-Methyl-3-(2-furyl)propenal,6210220.0,compound,food
2082,Isoborneol,6321405.0,compound,food
2083,Allyldimethylsilane,6329006.0,compound,food
2084,"(1Z,4Z)-germacrene_B",6370843.0,compound,food
2085,Ethyl_5-hexenoate,6420258.0,compound,food
2086,"2,4,7-Tridecatrienal,_(E,Z,Z)-",6421281.0,compound,food
2087,"2E,4Z-Decadienal",6427087.0,compound,food
2088,(-)-Isopinocamphone,6427105.0,compound,food
2089,p-Menthene-8-thiol,6427135.0,compound,food
2090,UNII-P6B6JD2N2Z,6427787.0,compound,food
2091,UNII-89JV2MJ158,6427788.0,compound,food
2092,Methyl_dl-jasmonate,6428089.0,compound,food
2093,Methyl_cis-cinnamate,6428458.0,compound,food
2094,"(1R,6S)-gamma-himachalene",6428535.0,compound,food
2095,"(2Z,4E)-nona-2,4-dienal",6428555.0,compound,food
2096,CHEBI:88903,6428573.0,compound,food
2097,"6,7-Dihydro-2,3-Dimethyl-5H-Cyclopentapyrazine",6428802.0,compound,food
2098,3-hydroxy-4-phenylbutan-2-one,6428929.0,compound,food
2099,Methialdol,6428936.0,compound,food
2100,trans-.alpha.-bergaptene,6428986.0,compound,food
2101,2-propionyl-2-thiazoline,6428990.0,compound,food
2102,cis-Cinnamaldehyde,6428995.0,compound,food
2103,2-Phenyl-2-Butenal,6429333.0,compound,food
2104,(Z)-4-Dodecenal,6430180.0,compound,food
2105,"cis-limonene_1,2_oxide",6430738.0,compound,food
2106,2-trans-6-cis-Dodecadienal,6430759.0,compound,food
2107,227456-27-1,6430888.0,compound,food
2108,"1-Butanol,_3-mercapto-2-methyl-",6430892.0,compound,food
2109,Cedr-8-ene,6431015.0,compound,food
2110,gamma-Eudesmol,6432005.0,compound,food
2111,Linalool_A_oxide,6432254.0,compound,food
2112,(+)-gamma-cadinene,6432404.0,compound,food
2113,Isomenthone,6432469.0,compound,food
2114,Bovolide,6433214.0,compound,food
2115,"(5E)-3,5-dimethylocta-1,5,7-trien-3-ol",6433750.0,compound,food
2116,"(Z,z)-3,6-nonadien-1-ol",6434541.0,compound,food
2117,2-Methyl-3-pentenoic_acid,6435866.0,compound,food
2118,4-methyl-2-phenylpent-2-enal,6435914.0,compound,food
2119,1-Popc,6436017.0,compound,food
2120,Ocimen_quintoxide,6436627.0,compound,food
2121,34686-71-0,6438070.0,compound,food
2122,Acetylvalerenolic_acid,6439585.0,compound,food
2123,caftaric_acid,6440397.0,compound,food
2124,Vitispirane,6450832.0,compound,food
2125,6753-98-6,6508206.0,compound,food
2126,Borneol,6552009.0,compound,food
2127,beta-SANTALOL,6857681.0,compound,food
2128,Sinigrin,6911854.0,compound,food
2129,Beta-Elemene,6918391.0,compound,food
2130,87-91-2,6993580.0,compound,food
2131,(E)-hex-2-enoate,6997366.0,compound,food
2132,Glucobrassicin,9601691.0,compound,food
2133,S-allyl-L-cysteine,9793905.0,compound,food
2134,Valencene,9855795.0,compound,food
2135,CID_9989713,9989713.0,compound,food
2136,beta-Bisabolene,10104370.0,compound,food
2137,alpha-Cadinol,10398656.0,compound,food
2138,Alpha-Selinene,10856614.0,compound,food
2139,2-Methylthioacetaldehyde,10887828.0,compound,food
2140,(Z)-Hex-4-enal,11094547.0,compound,food
2141,2-Mercapto-2-Methyl-1-Pentanol,11240503.0,compound,food
2142,"(E,E)-2,4-Decadienoic_isobutylamide",11368078.0,compound,food
2143,(R)-beta-himachalene,11586487.0,compound,food
2144,Sabinene_hydrate,11744854.0,compound,food
2145,Caryophyllene_alcohol,11746218.0,compound,food
2146,(-)-alpha-Himachalene,11830551.0,compound,food
2147,55896-93-0,12225100.0,compound,food
2148,CID_12305247,12305247.0,compound,food
2149,alpha-Muurolene,12306047.0,compound,food
2150,alpha-Cadinene,12306048.0,compound,food
2151,"2-Pentenal,_(Z)-",12365893.0,compound,food
2152,UNII-M41Y60O5BZ,12376292.0,compound,food
2153,Clove_Oil,12658395.0,compound,food
2154,(r)-(+)-dihydro-alpha-ionone,12858404.0,compound,food
2155,Ganoderic_acid_A,14109402.0,compound,food
2156,WLN:_R1U1VO1R,15558051.0,compound,food
2157,(+)-gamma-Gurjunene,15560285.0,compound,food
2158,99583-29-6,15801179.0,compound,food
2159,Vitamin_U,16217806.0,compound,food
2160,cis-3-Hexenyl_crotonate,16220110.0,compound,food
2161,CID_21159022,21159022.0,compound,food
2162,55123-21-2,21587486.0,compound,food
2163,HMDB05796,22833654.0,compound,food
2164,Potassium_Sorbate,23676745.0,compound,food
2165,"Santalol,_alpha-_and_beta-",24832101.0,compound,food
2166,"2-Propen-1-one,_3-(4-hydroxyphenyl)-1-phenyl-",25021769.0,compound,food
2167,(RS)-norcoclaurinium,44229138.0,compound,food
2168,S-Methyl_4-methylpentanethioate,46779070.0,compound,food
2169,D-Isoleucine_Methyl_Ester_Hydrochloride,53472027.0,compound,food
2170,l-ascorbic_acid,54670067.0,compound,food
2171,33368-82-0,57357963.0,compound,food
2172,156420-69-8,57370186.0,compound,food
2173,2-[(Methylthio)methyl]-2-butenal,57501028.0,compound,food
2174,(-)-alpha-Copaene,76319594.0,compound,food
2175,"Glycerides,_palm-oil_mono-_and_di-,_hydrogenated,_3-oxododecanoates",92043681.0,compound,food
2176,"Glycerides,_palm-oil_mono-_and_di-,_hydrogenated,_3-oxooctanoates",118855872.0,compound,food
2177,Cuminyl_alcohol,325.0,compound,drug
2178,Phloroglucinol,359.0,compound,drug
2179,Gallic_acid,370.0,compound,drug
2180,Epiestradiol,450.0,compound,drug
2181,Betulinic_acid,2371.0,compound,drug
2182,Cafestol,2516.0,compound,drug
2183,Emodin,3220.0,compound,drug
2184,1H-Indole-3-methanol,3712.0,compound,drug
2185,Xanthotoxin,4114.0,compound,drug
2186,Myristicin,4276.0,compound,drug
2187,Progesterone,5994.0,compound,drug
2188,Psoralen,6199.0,compound,drug
2189,2-Propanethiol,6364.0,compound,drug
2190,Carvone,7439.0,compound,drug
2191,N-Methylbenzylamine,7669.0,compound,drug
2192,Plumbagin,10205.0,compound,drug
2193,Angelicin,10658.0,compound,drug
2194,Apiole,10659.0,compound,drug
2195,"1,2,4-Trihydroxybenzene",10787.0,compound,drug
2196,4-Isopropylbenzoic_acid,10820.0,compound,drug
2197,[8]-Shogaol,11152.0,compound,drug
2198,4-Octanone,11516.0,compound,drug
2199,Di-2-propenyl_sulfide,11617.0,compound,drug
2200,Eicosan-1-ol,12404.0,compound,drug
2201,Hentriacosane,12410.0,compound,drug
2202,alpha-Terpineol,17100.0,compound,drug
2203,Verbenol,61126.0,compound,drug
2204,Indole-beta-carboxylic_acid,69867.0,compound,drug
2205,Erucin,78160.0,compound,drug
2206,Hydroxytyrosol,82755.0,compound,drug
2207,alpha-Santalene,94164.0,compound,drug
2208,4-Chloro-1H-indole-3-acetic_acid,100413.0,compound,drug
2209,Dihydrocapsaicin,107982.0,compound,drug
2210,(S)-alpha-Terpinyl_acetate,111037.0,compound,drug
2211,Brassinin,119341.0,compound,drug
2212,Procyanidin_B2,122738.0,compound,drug
2213,Procyanidin_C,130556.0,compound,drug
2214,6-Keto-28-homobrassinolide,134291.0,compound,drug
2215,Anthocyanidins,145858.0,compound,drug
2216,Procyanidin_B3,146798.0,compound,drug
2217,Prodelphinidin_B4,147299.0,compound,drug
2218,ent-Gallocatechin_3-gallate,199472.0,compound,drug
2219,Diosgenin,234096.0,compound,drug
2220,Crustecdysone,271605.0,compound,drug
2221,Solamargine,437080.0,compound,drug
2222,(S)-Carvone,439570.0,compound,drug
2223,(S)-alpha-Terpineol,442501.0,compound,drug
2224,Cajanol,442670.0,compound,drug
2225,Brassinolide,443055.0,compound,drug
2226,Gibberellin_A116,443450.0,compound,drug
2227,Obacunone,500031.0,compound,drug
2228,Lupeol,521518.0,compound,drug
2229,Solasonine,537159.0,compound,drug
2230,Sesamolin,585998.0,compound,drug
2231,Umbelliprenin,1781412.0,compound,drug
2232,ent-Epigallocatechin_3-gallate,2824823.0,compound,drug
2233,Theaflavin,4263901.0,compound,drug
2234,Carnosic_acid,5024746.0,compound,drug
2235,Gallocatechin_3-gallate,5276890.0,compound,drug
2236,Quercetin,5280343.0,compound,drug
2237,Apigenin,5280443.0,compound,drug
2238,Luteolin_7-rhamnosylglucoside,5280445.0,compound,drug
2239,Genistein,5280961.0,compound,drug
2240,Aesculetin,5281416.0,compound,drug
2241,Mangiferol,5281647.0,compound,drug
2242,Tricetin,5281701.0,compound,drug
2243,Cajanin,5281706.0,compound,drug
2244,Tetramethylquercetin,5352005.0,compound,drug
2245,(Z)-3-Butylidene-1(3H)-isobenzofuranone,5352899.0,compound,drug
2246,Cucurbitacin_I,5353548.0,compound,drug
2247,Ergosterol_peroxide,5379713.0,compound,drug
2248,Acteoside,5459010.0,compound,drug
2249,Demethoxycurcumin,5469424.0,compound,drug
2250,Kaempferol_3-rhamnoside,5835713.0,compound,drug
2251,4-Methoxyglucobrassicin,6122984.0,compound,drug
2252,(15Z)-Lycopene,6440363.0,compound,drug
2253,beta-Elemene,6918391.0,compound,drug
2254,gamma-Tocotrienol,9909519.0,compound,drug
2255,Prolycopene,10918539.0,compound,drug
2256,Procyanidin_B1,11250133.0,compound,drug
2257,Ferulic_acid_4-glucoside,13916049.0,compound,drug
2258,Moracin_P,14539884.0,compound,drug
2259,Corosolic_acid,15917996.0,compound,drug
2260,Dihydroxystearic_acid,20391236.0,compound,drug
